CNPJ_CIA,DT_REFER,VERSAO,DENOM_CIA,CD_CVM,GRUPO_DFP,MOEDA,ESCALA_MOEDA,ORDEM_EXERC,DT_INI_EXERC,DT_FIM_EXERC,CD_CONTA,DS_CONTA, VL_CONTA , faturamentoBruto ,ST_CONTA_FIXA,periodoDemonstrativoEmMeses, RESULTADO_BRUTO , margemBruta ,restricoes
00.000.000/0001-91,12/31/2016,3,BCO BRASIL S.A.,1023,DF Consolidado - Demonstração do Resultado,REAL,MIL,ÚLTIMO,1/1/2016,12/31/2016,3.01,Receitas da Intermediação Financeira," $168,039,236.00 "," $168,039,236,000.00 ",S,12,134531183," $134,531,183,000.00 ",
00.000.208/0001-00,12/31/2016,2,BRB BCO DE BRASILIA S.A.,14206,DF Consolidado - Demonstração do Resultado,REAL,MIL,ÚLTIMO,1/1/2016,12/31/2016,3.01,Receitas da Intermediação Financeira," $2,929,559.00 "," $2,929,559,000.00 ",S,12,1596364," $1,596,364,000.00 ",
00.001.180/0001-26,12/31/2016,1,CENTRAIS ELET BRAS S.A. - ELETROBRAS,2437,DF Consolidado - Demonstração do Resultado,REAL,MIL,ÚLTIMO,1/1/2016,12/31/2016,3.01,Receita de Venda de Bens e/ou Serviços," $60,748,853.00 "," $60,748,853,000.00 ",S,12,16210934," $16,210,934,000.00 ",
00.070.698/0001-11,12/31/2016,1,CIA ENERGETICA DE BRASILIA,14451,DF Consolidado - Demonstração do Resultado,REAL,MIL,ÚLTIMO,1/1/2016,12/31/2016,3.01,Receita de Venda de Bens e/ou Serviços," $2,114,554.00 "," $2,114,554,000.00 ",S,12,1836430," $1,836,430,000.00 ",
00.336.701/0001-04,12/31/2016,1,TELEC BRASILEIRAS S.A. TELEBRAS,11258,DF Consolidado - Demonstração do Resultado,REAL,MIL,ÚLTIMO,1/1/2016,12/31/2016,3.01,Receita de Venda de Bens e/ou Serviços," $56,054.00 "," $56,054,000.00 ",S,12,159676," $159,676,000.00 ",
00.354.053/0001-00,12/31/2016,1,KOSMOS COMÉRCIO DE VESTUÁRIO S/A - EM RECUPERAÇÃO JUDICIAL,15083,DF Consolidado - Demonstração do Resultado,REAL,MIL,ÚLTIMO,1/1/2016,12/31/2016,3.01,Receita de Venda de Bens e/ou Serviços," $46,111.00 "," $46,111,000.00 ",S,12,22631," $22,631,000.00 ",
00.622.416/0001-41,12/31/2016,1,STATKRAFT ENERGIAS RENOVAVEIS S.A.,22594,DF Consolidado - Demonstração do Resultado,REAL,MIL,ÚLTIMO,1/1/2016,12/31/2016,3.01,Receita de Venda de Bens e/ou Serviços," $275,164.00 "," $275,164,000.00 ",S,12,107860," $107,860,000.00 ",
00.743.065/0001-27,12/31/2016,1,LITEL PARTICIPACOES S.A.,15091,DF Consolidado - Demonstração do Resultado,REAL,MIL,ÚLTIMO,1/1/2016,12/31/2016,3.01,Receita de Venda de Bens e/ou Serviços, $-   , $-   ,S,12,0, $-   ,
00.776.574/0001-56,12/31/2016,1,B2W - COMPANHIA DIGITAL,20990,DF Consolidado - Demonstração do Resultado,REAL,MIL,ÚLTIMO,1/1/2016,12/31/2016,3.01,Receita de Venda de Bens e/ou Serviços," $8,601,311.00 "," $8,601,311,000.00 ",S,12,6889181," $6,889,181,000.00 ",
00.864.214/0001-06,12/31/2016,1,ENERGISA S.A.,15253,DF Consolidado - Demonstração do Resultado,REAL,MIL,ÚLTIMO,1/1/2016,12/31/2016,3.01,Receita de Venda de Bens e/ou Serviços," $11,810,695.00 "," $11,810,695,000.00 ",S,12,9984088," $9,984,088,000.00 ",
01.027.058/0001-91,12/31/2016,1,CIELO S.A.,21733,DF Consolidado - Demonstração do Resultado,REAL,MIL,ÚLTIMO,1/1/2016,12/31/2016,3.01,Receita de Venda de Bens e/ou Serviços," $12,300,784.00 "," $12,300,784,000.00 ",S,12,5994759," $5,994,759,000.00 ",
01.083.200/0001-18,12/31/2016,7,NEOENERGIA S.A.,15539,DF Consolidado - Demonstração do Resultado,REAL,MIL,ÚLTIMO,1/1/2016,12/31/2016,3.01,Receita de Venda de Bens e/ou Serviços," $14,834,231.00 "," $14,834,231,000.00 ",S,12,11545240," $11,545,240,000.00 ",
01.545.826/0001-07,12/31/2016,2,GAFISA S.A.,16101,DF Consolidado - Demonstração do Resultado,REAL,MIL,ÚLTIMO,1/1/2016,12/31/2016,3.01,Receita de Venda de Bens e/ou Serviços," $915,698.00 "," $915,698,000.00 ",S,12,1029213," $1,029,213,000.00 ",
01.608.571/0001-76,12/31/2016,1,BELAPART SA,16233,DF Consolidado - Demonstração do Resultado,REAL,MIL,ÚLTIMO,1/1/2016,12/31/2016,3.01,Receita de Venda de Bens e/ou Serviços, $-   , $-   ,S,12,0, $-   ,
01.838.723/0001-27,12/31/2016,1,BRF S.A.,16292,DF Consolidado - Demonstração do Resultado,REAL,MIL,ÚLTIMO,1/1/2016,12/31/2016,3.01,Receita de Venda de Bens e/ou Serviços," $33,732,866.00 "," $33,732,866,000.00 ",S,12,26206447," $26,206,447,000.00 ",
01.917.705/0001-30,12/31/2016,1,AES ELPA S.A.,19313,DF Consolidado - Demonstração do Resultado,REAL,MIL,ÚLTIMO,1/1/2016,12/31/2016,3.01,Receita de Venda de Bens e/ou Serviços, $-   , $-   ,S,12,1278," $1,278,000.00 ",
01.917.818/0001-36,12/31/2016,1,LIGHT ENERGIA S.A.,23000,DF Consolidado - Demonstração do Resultado,REAL,MIL,ÚLTIMO,1/1/2016,12/31/2016,3.01,Receita de Venda de Bens e/ou Serviços," $627,738.00 "," $627,738,000.00 ",S,12,212001," $212,001,000.00 ",
01.938.783/0001-11,12/31/2016,1,CIA PARTICIPACOES ALIANCA DA BAHIA,18708,DF Consolidado - Demonstração do Resultado,REAL,MIL,ÚLTIMO,1/1/2016,12/31/2016,3.01,Receita de Venda de Bens e/ou Serviços," $313,929.00 "," $313,929,000.00 ",S,12,221333," $221,333,000.00 ",
01.971.614/0001-83,12/31/2016,1,EMPRESA NAC COM REDITO PART S.A.ENCORPAR,16497,DF Consolidado - Demonstração do Resultado,REAL,MIL,ÚLTIMO,1/1/2016,12/31/2016,3.01,Receita de Venda de Bens e/ou Serviços, $-   , $-   ,S,12,0, $-   ,
02.105.040/0001-23,12/31/2016,2,CIBRASEC - COMPANHIA BRASILEIRA DE SECURITIZACAO,18287,DF Consolidado - Demonstração do Resultado,REAL,MIL,ÚLTIMO,1/1/2016,12/31/2016,3.01,Receita de Venda de Bens e/ou Serviços," $21,040.00 "," $21,040,000.00 ",S,12,1381," $1,381,000.00 ",
02.149.205/0001-69,12/31/2016,1,PORTO SEGURO S.A.,16659,DF Consolidado - Demonstração do Resultado,REAL,MIL,ÚLTIMO,1/1/2016,12/31/2016,3.01,Receita de Venda de Bens e/ou Serviços," $16,134,566.00 "," $16,134,566,000.00 ",S,12,0, $-   ,
02.193.750/0001-52,12/31/2016,1,GPC PARTICIPACOES S.A.,16632,DF Consolidado - Demonstração do Resultado,REAL,MIL,ÚLTIMO,1/1/2016,12/31/2016,3.01,Receita de Venda de Bens e/ou Serviços," $437,885.00 "," $437,885,000.00 ",S,12,345562," $345,562,000.00 ",
02.302.101/0001-42,12/31/2016,1,EMAE - EMPRESA METROP.AGUAS ENERGIA S.A.,16993,DF Consolidado - Demonstração do Resultado,REAL,MIL,ÚLTIMO,1/1/2016,12/31/2016,3.01,Receita de Venda de Bens e/ou Serviços," $206,607.00 "," $206,607,000.00 ",S,12,173682," $173,682,000.00 ",
02.351.144/0001-18,12/31/2016,1,TEGMA GESTAO LOGISTICA S.A.,20800,DF Consolidado - Demonstração do Resultado,REAL,MIL,ÚLTIMO,1/1/2016,12/31/2016,3.01,Receita de Venda de Bens e/ou Serviços," $923,891.00 "," $923,891,000.00 ",S,12,781340," $781,340,000.00 ",
02.365.069/0001-44,12/31/2016,1,PADTEC HOLDING S.A.,18414,DF Consolidado - Demonstração do Resultado,REAL,MIL,ÚLTIMO,1/1/2016,12/31/2016,3.01,Receita de Venda de Bens e/ou Serviços, $941.00 ," $941,000.00 ",S,12,0, $-   ,
02.373.517/0001-51,12/31/2016,1,LIBRA TERMINAL RIO S.A. - EM RECUPERAÇÃO JUDICIAL,23434,DF Consolidado - Demonstração do Resultado,REAL,MIL,ÚLTIMO,1/1/2016,12/31/2016,3.01,Receita de Venda de Bens e/ou Serviços," $163,198.00 "," $163,198,000.00 ",S,12,116574," $116,574,000.00 ",
02.387.241/0001-60,12/31/2016,2,RUMO S.A.,17450,DF Consolidado - Demonstração do Resultado,REAL,MIL,ÚLTIMO,1/1/2016,12/31/2016,3.01,Receita de Venda de Bens e/ou Serviços," $4,311,713.00 "," $4,311,713,000.00 ",S,12,3771308," $3,771,308,000.00 ",
02.429.144/0001-93,12/31/2016,1,CPFL ENERGIA S.A.,18660,DF Consolidado - Demonstração do Resultado,REAL,MIL,ÚLTIMO,1/1/2016,12/31/2016,3.01,Receita de Venda de Bens e/ou Serviços," $19,112,089.00 "," $19,112,089,000.00 ",S,12,14806069," $14,806,069,000.00 ",
02.474.103/0001-19,12/31/2016,1,ENGIE BRASIL ENERGIA S.A.,17329,DF Consolidado - Demonstração do Resultado,REAL,MIL,ÚLTIMO,1/1/2016,12/31/2016,3.01,Receita de Venda de Bens e/ou Serviços," $6,442,371.00 "," $6,442,371,000.00 ",S,12,3701457," $3,701,457,000.00 ",
02.476.710/0001-18,12/31/2016,1,TELINVEST S.A.,17418,DF Consolidado - Demonstração do Resultado,REAL,MIL,ÚLTIMO,1/1/2016,12/31/2016,3.01,Receita de Venda de Bens e/ou Serviços, $-   , $-   ,S,12,0, $-   ,
02.541.982/0001-54,12/31/2016,1,SOMOS EDUCAÇÃO S.A.,22551,DF Consolidado - Demonstração do Resultado,REAL,MIL,ÚLTIMO,1/1/2016,12/31/2016,3.01,Receita de Venda de Bens e/ou Serviços," $1,869,054.00 "," $1,869,054,000.00 ",S,12,884501," $884,501,000.00 ",
02.558.115/0001-21,12/31/2016,1,TIM PARTICIPACOES S.A.,17639,DF Consolidado - Demonstração do Resultado,REAL,MIL,ÚLTIMO,1/1/2016,12/31/2016,3.01,Receita de Venda de Bens e/ou Serviços," $15,617,413.00 "," $15,617,413,000.00 ",S,12,7693406," $7,693,406,000.00 ",
02.558.157/0001-62,12/31/2016,1,TELEFÔNICA BRASIL S.A,17671,DF Consolidado - Demonstração do Resultado,REAL,MIL,ÚLTIMO,1/1/2016,12/31/2016,3.01,Receita de Venda de Bens e/ou Serviços," $42,508,459.00 "," $42,508,459,000.00 ",S,12,20823014," $20,823,014,000.00 ",
02.591.787/0001-39,12/31/2016,1,CAPITALPART PARTICIPAÇÕES SA,17493,DF Consolidado - Demonstração do Resultado,REAL,UNIDADE,ÚLTIMO,1/1/2016,12/31/2016,3.01,Receita de Venda de Bens e/ou Serviços, $-   , $-   ,S,12,0, $-   ,
02.604.860/0001-60,12/31/2016,1,INNCORP S.A.,17558,DF Consolidado - Demonstração do Resultado,REAL,UNIDADE,ÚLTIMO,1/1/2016,12/31/2016,3.01,Receita de Venda de Bens e/ou Serviços, $-   , $-   ,S,12,0, $-   ,
02.762.115/0001-49,12/31/2016,1,MMX MINERACAO E METALICOS S.A. - EM RECUPERAÇÃO JUDICIAL,17914,DF Consolidado - Demonstração do Resultado,REAL,MIL,ÚLTIMO,1/1/2016,12/31/2016,3.01,Receita de Venda de Bens e/ou Serviços," $2,723.00 "," $2,723,000.00 ",S,12,10244," $10,244,000.00 ",
02.762.121/0001-04,12/31/2016,1,SANTOS BRASIL PARTICIPACOES S.A.,17892,DF Consolidado - Demonstração do Resultado,REAL,MIL,ÚLTIMO,1/1/2016,12/31/2016,3.01,Receita de Venda de Bens e/ou Serviços," $834,101.00 "," $834,101,000.00 ",S,12,709311," $709,311,000.00 ",
02.800.026/0001-40,12/31/2016,1,COGNA EDUCAÇÃO S.A.,17973,DF Consolidado - Demonstração do Resultado,REAL,MIL,ÚLTIMO,1/1/2016,12/31/2016,3.01,Receita de Venda de Bens e/ou Serviços," $5,244,718.00 "," $5,244,718,000.00 ",S,12,2156782," $2,156,782,000.00 ",
02.846.056/0001-97,12/31/2016,1,CCR S.A.,18821,DF Consolidado - Demonstração do Resultado,REAL,MIL,ÚLTIMO,1/1/2016,12/31/2016,3.01,Receita de Venda de Bens e/ou Serviços," $9,996,067.00 "," $9,996,067,000.00 ",S,12,6566717," $6,566,717,000.00 ",
02.860.694/0001-62,12/31/2016,2,T4F ENTRETENIMENTO S.A.,22454,DF Consolidado - Demonstração do Resultado,REAL,MIL,ÚLTIMO,1/1/2016,12/31/2016,3.01,Receita de Venda de Bens e/ou Serviços," $792,454.00 "," $792,454,000.00 ",S,12,658372," $658,372,000.00 ",
02.916.265/0001-60,12/31/2016,2,JBS S.A.,20575,DF Consolidado - Demonstração do Resultado,REAL,MIL,ÚLTIMO,1/1/2016,12/31/2016,3.01,Receita de Venda de Bens e/ou Serviços," $170,380,526.00 "," $170,380,526,000.00 ",S,12,149066700," $149,066,700,000.00 ",
02.919.555/0001-67,12/31/2016,1,ARTERIS S.A.,19771,DF Consolidado - Demonstração do Resultado,REAL,MIL,ÚLTIMO,1/1/2016,12/31/2016,3.01,Receita de Venda de Bens e/ou Serviços," $4,052,399.00 "," $4,052,399,000.00 ",S,12,3040377," $3,040,377,000.00 ",
02.932.074/0001-91,12/31/2016,1,HYPERA S.A.,21431,DF Consolidado - Demonstração do Resultado,REAL,MIL,ÚLTIMO,1/1/2016,12/31/2016,3.01,Receita de Venda de Bens e/ou Serviços," $3,288,747.00 "," $3,288,747,000.00 ",S,12,846787," $846,787,000.00 ",
02.950.811/0001-89,12/31/2016,1,PDG REALTY S.A. EMPREEND E PARTICIPACOES - EM REC. JUDICIAL,20478,DF Consolidado - Demonstração do Resultado,REAL,MIL,ÚLTIMO,1/1/2016,12/31/2016,3.01,Receita de Venda de Bens e/ou Serviços," $247,228.00 "," $247,228,000.00 ",S,12,972981," $972,981,000.00 ",
02.998.301/0001-81,12/31/2016,1,RIO PARANAPANEMA ENERGIA S.A.,18368,DF Consolidado - Demonstração do Resultado,REAL,MIL,ÚLTIMO,1/1/2016,12/31/2016,3.01,Receita de Venda de Bens e/ou Serviços," $1,333,311.00 "," $1,333,311,000.00 ",S,12,620866," $620,866,000.00 ",
02.998.611/0001-04,12/31/2016,1,CTEEP - CIA TRANSMISSÃO ENERGIA ELÉTRICA PAULISTA,18376,DF Consolidado - Demonstração do Resultado,REAL,MIL,ÚLTIMO,1/1/2016,12/31/2016,3.01,Receita de Venda de Bens e/ou Serviços," $7,789,240.00 "," $7,789,240,000.00 ",S,12,494973," $494,973,000.00 ",
03.014.553/0001-91,12/31/2016,1,TPI - TRIUNFO PARTICIP. E INVEST. S.A.,19330,DF Consolidado - Demonstração do Resultado,REAL,MIL,ÚLTIMO,1/1/2016,12/31/2016,3.01,Receita de Venda de Bens e/ou Serviços," $1,543,003.00 "," $1,543,003,000.00 ",S,12,987362," $987,362,000.00 ",
03.220.438/0001-73,12/31/2016,3,EQUATORIAL ENERGIA S.A.,20010,DF Consolidado - Demonstração do Resultado,REAL,MIL,ÚLTIMO,1/1/2016,12/31/2016,3.01,Receita de Venda de Bens e/ou Serviços," $7,952,181.00 "," $7,952,181,000.00 ",S,12,5803400," $5,803,400,000.00 ",
03.378.521/0001-75,12/31/2016,1,LIGHT S.A.,19879,DF Consolidado - Demonstração do Resultado,REAL,MIL,ÚLTIMO,1/1/2016,12/31/2016,3.01,Receita de Venda de Bens e/ou Serviços," $9,645,237.00 "," $9,645,237,000.00 ",S,12,8042026," $8,042,026,000.00 ",
03.601.314/0001-38,12/31/2016,1,ANDRADE GUTIERREZ CONCESSOES S.A.,19437,DF Consolidado - Demonstração do Resultado,REAL,MIL,ÚLTIMO,1/1/2016,12/31/2016,3.01,Receita de Venda de Bens e/ou Serviços," $97,012.00 "," $97,012,000.00 ",S,12,65116," $65,116,000.00 ",
03.758.318/0001-24,12/31/2016,2,INVESTIMENTOS E PARTICIP. EM INFRA S.A. - INVEPAR,18775,DF Consolidado - Demonstração do Resultado,REAL,MIL,ÚLTIMO,1/1/2016,12/31/2016,3.01,Receita de Venda de Bens e/ou Serviços," $4,039,474.00 "," $4,039,474,000.00 ",S,12,2815655," $2,815,655,000.00 ",
03.847.461/0001-92,12/31/2016,1,BRADESPAR S.A.,18724,DF Consolidado - Demonstração do Resultado,REAL,MIL,ÚLTIMO,1/1/2016,12/31/2016,3.01,Receita de Venda de Bens e/ou Serviços, $-   , $-   ,S,12,0, $-   ,
03.853.896/0001-40,12/31/2016,1,MARFRIG GLOBAL FOODS S.A.,20788,DF Consolidado - Demonstração do Resultado,REAL,MIL,ÚLTIMO,1/1/2016,12/31/2016,3.01,Receita de Venda de Bens e/ou Serviços," $19,333,453.00 "," $19,333,453,000.00 ",S,12,17157373," $17,157,373,000.00 ",
03.870.455/0005-80,12/31/2016,1,FORNO DE MINAS ALIMENTOS S.A.,23736,DF Consolidado - Demonstração do Resultado,REAL,MIL,ÚLTIMO,1/1/2016,12/31/2016,3.01,Receita de Venda de Bens e/ou Serviços," $271,902.00 "," $271,902,000.00 ",S,12,134820," $134,820,000.00 ",
03.953.509/0001-47,12/31/2016,1,CPFL GERACAO DE ENERGIA S.A.,18953,DF Consolidado - Demonstração do Resultado,REAL,MIL,ÚLTIMO,1/1/2016,12/31/2016,3.01,Receita de Venda de Bens e/ou Serviços," $2,680,931.00 "," $2,680,931,000.00 ",S,12,1158057," $1,158,057,000.00 ",
03.983.431/0001-03,12/31/2016,1,EDP - ENERGIAS DO BRASIL S.A.,19763,DF Consolidado - Demonstração do Resultado,REAL,MIL,ÚLTIMO,1/1/2016,12/31/2016,3.01,Receita de Venda de Bens e/ou Serviços," $9,364,772.00 "," $9,364,772,000.00 ",S,12,7199716," $7,199,716,000.00 ",
04.031.960/0001-70,12/31/2016,1,ANDRADE GUTIERREZ PARTICIPACOES S.A.,19062,DF Consolidado - Demonstração do Resultado,REAL,MIL,ÚLTIMO,1/1/2016,12/31/2016,3.01,Receita de Venda de Bens e/ou Serviços," $97,012.00 "," $97,012,000.00 ",S,12,65116," $65,116,000.00 ",
04.032.433/0001-80,12/31/2016,2,ATMA PARTICIPAÇÕES S.A.,19100,DF Consolidado - Demonstração do Resultado,REAL,MIL,ÚLTIMO,1/1/2016,12/31/2016,3.01,Receita de Venda de Bens e/ou Serviços," $2,042,605.00 "," $2,042,605,000.00 ",S,12,1948171," $1,948,171,000.00 ",
04.065.791/0001-99,12/31/2016,1,SINQIA S.A.,22799,DF Consolidado - Demonstração do Resultado,REAL,MIL,ÚLTIMO,1/1/2016,12/31/2016,3.01,Receita de Venda de Bens e/ou Serviços," $84,558.00 "," $84,558,000.00 ",S,12,55624," $55,624,000.00 ",
04.128.563/0001-10,12/31/2016,1,AES TIETE ENERGIA SA,18970,DF Consolidado - Demonstração do Resultado,REAL,MIL,ÚLTIMO,1/1/2016,12/31/2016,3.01,Receita de Venda de Bens e/ou Serviços," $1,561,348.00 "," $1,561,348,000.00 ",S,12,916972," $916,972,000.00 ",
04.149.454/0001-80,12/31/2016,1,ECORODOVIAS INFRAESTRUTURA E LOGÍSTICA S.A.,19453,DF Consolidado - Demonstração do Resultado,REAL,MIL,ÚLTIMO,1/1/2016,12/31/2016,3.01,Receita de Venda de Bens e/ou Serviços," $2,828,996.00 "," $2,828,996,000.00 ",S,12,1545435," $1,545,435,000.00 ",
04.423.567/0001-21,12/31/2016,5,ENEVA S.A,21237,DF Consolidado - Demonstração do Resultado,REAL,MIL,ÚLTIMO,1/1/2016,12/31/2016,3.01,Receita de Venda de Bens e/ou Serviços," $2,160,983.00 "," $2,160,983,000.00 ",S,12,1429043," $1,429,043,000.00 ",
04.437.534/0001-30,12/31/2016,2,UNIDAS S.A.,21555,DF Consolidado - Demonstração do Resultado,REAL,MIL,ÚLTIMO,1/1/2016,12/31/2016,3.01,Receita de Venda de Bens e/ou Serviços," $1,278,609.00 "," $1,278,609,000.00 ",S,12,894672," $894,672,000.00 ",
04.752.991/0001-10,12/31/2016,1,BIOMM S.A.,19305,DF Consolidado - Demonstração do Resultado,REAL,MIL,ÚLTIMO,1/1/2016,12/31/2016,3.01,Receita de Venda de Bens e/ou Serviços, $-   , $-   ,S,12,0, $-   ,
04.821.041/0001-08,12/31/2016,1,METALFRIO SOLUTIONS S.A.,20613,DF Consolidado - Demonstração do Resultado,REAL,MIL,ÚLTIMO,1/1/2016,12/31/2016,3.01,Receita de Venda de Bens e/ou Serviços," $1,013,663.00 "," $1,013,663,000.00 ",S,12,861387," $861,387,000.00 ",
04.986.320/0001-13,12/31/2016,1,SER EDUCACIONAL S.A.,23221,DF Consolidado - Demonstração do Resultado,REAL,MIL,ÚLTIMO,1/1/2016,12/31/2016,3.01,Receita de Venda de Bens e/ou Serviços," $1,125,380.00 "," $1,125,380,000.00 ",S,12,511386," $511,386,000.00 ",
05.341.549/0001-63,12/31/2016,1,TARPON INVESTIMENTOS S.A.,21717,DF Consolidado - Demonstração do Resultado,REAL,MIL,ÚLTIMO,1/1/2016,12/31/2016,3.01,Receita de Venda de Bens e/ou Serviços," $55,025.00 "," $55,025,000.00 ",S,12,0, $-   ,
05.707.616/0001-10,12/31/2016,1,BANCO SANTANDER S.A.,80160,DF Consolidado - Demonstração do Resultado,REAL,MIL,ÚLTIMO,1/1/2016,12/31/2016,3.01,Receitas da Intermediação Financeira," $211,286,000.00 "," $211,286,000,000.00 ",S,12,92194000," $92,194,000,000.00 ",
05.721.735/0001-28,12/31/2016,1,WILSON SONS LTD.,80047,DF Consolidado - Demonstração do Resultado,REAL,MIL,ÚLTIMO,1/1/2016,12/31/2016,3.01,Receita de Venda de Bens e/ou Serviços," $1,585,363.00 "," $1,585,363,000.00 ",S,12,1083176," $1,083,176,000.00 ",
05.799.312/0001-20,12/31/2016,2,TERRA SANTA AGRO S.A.,20354,DF Consolidado - Demonstração do Resultado,REAL,MIL,ÚLTIMO,1/1/2016,12/31/2016,3.01,Receita de Venda de Bens e/ou Serviços," $842,275.00 "," $842,275,000.00 ",S,12,840954," $840,954,000.00 ",
05.878.397/0001-32,12/31/2016,1,ALIANSCE SONAE SHOPPING CENTERS S.A.,22357,DF Consolidado - Demonstração do Resultado,REAL,MIL,ÚLTIMO,1/1/2016,12/31/2016,3.01,Receita de Venda de Bens e/ou Serviços," $342,294.00 "," $342,294,000.00 ",S,12,84362," $84,362,000.00 ",
06.082.980/0001-03,12/31/2016,1,ALIANSCE SHOPPING CENTERS S.A.,21300,DF Consolidado - Demonstração do Resultado,REAL,MIL,ÚLTIMO,1/1/2016,12/31/2016,3.01,Receita de Venda de Bens e/ou Serviços," $487,551.00 "," $487,551,000.00 ",S,12,123408," $123,408,000.00 ",
06.164.253/0001-87,12/31/2016,1,GOL LINHAS AEREAS INTELIGENTES S.A.,19569,DF Consolidado - Demonstração do Resultado,REAL,MIL,ÚLTIMO,1/1/2016,12/31/2016,3.01,Receita de Venda de Bens e/ou Serviços," $9,867,335.00 "," $9,867,335,000.00 ",S,12,7558122," $7,558,122,000.00 ",
06.948.969/0001-75,12/31/2016,1,LINX S.A.,23035,DF Consolidado - Demonstração do Resultado,REAL,MIL,ÚLTIMO,1/1/2016,12/31/2016,3.01,Receita de Venda de Bens e/ou Serviços," $495,799.00 "," $495,799,000.00 ",S,12,147364," $147,364,000.00 ",
06.977.745/0001-91,12/31/2016,1,BR MALLS PARTICIPACOES S.A.,19909,DF Consolidado - Demonstração do Resultado,REAL,MIL,ÚLTIMO,1/1/2016,12/31/2016,3.01,Receita de Venda de Bens e/ou Serviços," $1,286,382.00 "," $1,286,382,000.00 ",S,12,112571," $112,571,000.00 ",
06.977.751/0001-49,12/31/2016,5,BR PROPERTIES S.A.,19925,DF Consolidado - Demonstração do Resultado,REAL,MIL,ÚLTIMO,1/1/2016,12/31/2016,3.01,Receita de Venda de Bens e/ou Serviços," $465,681.00 "," $465,681,000.00 ",S,12,0, $-   ,
06.981.176/0001-58,12/31/2016,1,CEMIG GERACAO E TRANSMISSAO S.A.,20320,DF Consolidado - Demonstração do Resultado,REAL,MIL,ÚLTIMO,1/1/2016,12/31/2016,3.01,Receita de Venda de Bens e/ou Serviços," $6,808,975.00 "," $6,808,975,000.00 ",S,12,4085666," $4,085,666,000.00 ",
07.043.628/0001-13,12/31/2016,2,CLARO TELECOM PARTICIPAÇÕES S.A.,23531,DF Consolidado - Demonstração do Resultado,REAL,MIL,ÚLTIMO,1/1/2016,12/31/2016,3.01,Receita de Venda de Bens e/ou Serviços," $32,478,959.00 "," $32,478,959,000.00 ",S,12,20529321," $20,529,321,000.00 ",
07.206.816/0001-15,12/31/2016,1,M.DIAS BRANCO S.A. IND COM DE ALIMENTOS,20338,DF Consolidado - Demonstração do Resultado,REAL,MIL,ÚLTIMO,1/1/2016,12/31/2016,3.01,Receita de Venda de Bens e/ou Serviços," $5,328,071.00 "," $5,328,071,000.00 ",S,12,3242393," $3,242,393,000.00 ",
07.401.436/0001-31,12/31/2016,1,ELDORADO BRASIL CELULOSE S.A.,22810,DF Consolidado - Demonstração do Resultado,REAL,MIL,ÚLTIMO,1/1/2016,12/31/2016,3.01,Receita de Venda de Bens e/ou Serviços," $2,962,316.00 "," $2,962,316,000.00 ",S,12,1567452," $1,567,452,000.00 ",
07.437.016/0001-05,12/31/2016,1,CINESYSTEM S.A.,23965,DF Consolidado - Demonstração do Resultado,REAL,MIL,ÚLTIMO,1/1/2016,12/31/2016,3.01,Receita de Venda de Bens e/ou Serviços," $94,373.00 "," $94,373,000.00 ",S,12,72097," $72,097,000.00 ",
07.526.557/0001-00,12/31/2016,3,AMBEV S.A.,23264,DF Consolidado - Demonstração do Resultado,REAL,MIL,ÚLTIMO,1/1/2016,12/31/2016,3.01,Receita de Venda de Bens e/ou Serviços," $45,602,561.00 "," $45,602,561,000.00 ",S,12,16677959," $16,677,959,000.00 ",
07.594.978/0001-78,12/31/2016,2,SMARTFIT ESCOLA DE GINÁSTICA E DANÇA S.A.,24260,DF Consolidado - Demonstração do Resultado,REAL,MIL,ÚLTIMO,1/1/2016,12/31/2016,3.01,Receita de Venda de Bens e/ou Serviços," $641,196.00 "," $641,196,000.00 ",S,12,441603," $441,603,000.00 ",
07.628.528/0001-59,6/30/2016,1,BRASILAGRO - CIA BRAS DE PROP AGRICOLAS,20036,DF Consolidado - Demonstração do Resultado,REAL,MIL,ÚLTIMO,7/1/2015,6/30/2016,3.01,Receita de Venda de Bens e/ou Serviços," $139,069.00 "," $139,069,000.00 ",S,0,134714," $134,714,000.00 ",
07.689.002/0001-89,12/31/2016,1,EMBRAER S.A.,20087,DF Consolidado - Demonstração do Resultado,REAL,MIL,ÚLTIMO,1/1/2016,12/31/2016,3.01,Receita de Venda de Bens e/ou Serviços," $21,435,696.00 "," $21,435,696,000.00 ",S,12,17166104," $17,166,104,000.00 ",
07.718.269/0001-57,12/31/2016,2,SPRINGS GLOBAL PARTICIPACOES S.A.,20966,DF Consolidado - Demonstração do Resultado,REAL,MIL,ÚLTIMO,1/1/2016,12/31/2016,3.01,Receita de Venda de Bens e/ou Serviços," $2,311,271.00 "," $2,311,271,000.00 ",S,12,1692301," $1,692,301,000.00 ",
07.816.890/0001-53,12/31/2016,1,MULTIPLAN - EMPREEND IMOBILIARIOS S.A.,20982,DF Consolidado - Demonstração do Resultado,REAL,MIL,ÚLTIMO,1/1/2016,12/31/2016,3.01,Receita de Venda de Bens e/ou Serviços," $1,109,950.00 "," $1,109,950,000.00 ",S,12,261064," $261,064,000.00 ",
07.820.907/0001-46,12/31/2016,2,CR2 EMPREENDIMENTOS IMOBILIARIOS S.A.,20630,DF Consolidado - Demonstração do Resultado,REAL,MIL,ÚLTIMO,1/1/2016,12/31/2016,3.01,Receita de Venda de Bens e/ou Serviços," $17,094.00 "," $17,094,000.00 ",S,12,12282," $12,282,000.00 ",
07.859.971/0001-30,12/31/2016,1,TRANSMISSORA ALIANÇA DE ENERGIA ELÉTRICA S.A.,20257,DF Consolidado - Demonstração do Resultado,REAL,MIL,ÚLTIMO,1/1/2016,12/31/2016,3.01,Receita de Venda de Bens e/ou Serviços," $1,391,074.00 "," $1,391,074,000.00 ",S,12,149196," $149,196,000.00 ",
07.950.674/0001-04,12/31/2016,1,CCX CARVÃO DA COLÔMBIA S.A.,20184,DF Consolidado - Demonstração do Resultado,REAL,MIL,ÚLTIMO,1/1/2016,12/31/2016,3.01,Receita de Venda de Bens e/ou Serviços, $-   , $-   ,S,12,0, $-   ,
08.065.557/0001-12,12/31/2016,1,TECNISA S.A.,20435,DF Consolidado - Demonstração do Resultado,REAL,MIL,ÚLTIMO,1/1/2016,12/31/2016,3.01,Receita de Venda de Bens e/ou Serviços," $341,077.00 "," $341,077,000.00 ",S,12,418788," $418,788,000.00 ",
08.070.508/0001-78,3/31/2016,1,RAIZEN ENERGIA S.A.,23230,DF Consolidado - Demonstração do Resultado,REAL,MIL,ÚLTIMO,4/1/2015,3/31/2016,3.01,Receita de Venda de Bens e/ou Serviços," $11,867,088.00 "," $11,867,088,000.00 ",S,0,8767347," $8,767,347,000.00 ",
08.078.847/0001-09,12/31/2016,2,LPS BRASIL - CONSULTORIA DE IMOVEIS S.A.,20370,DF Consolidado - Demonstração do Resultado,REAL,MIL,ÚLTIMO,1/1/2016,12/31/2016,3.01,Receita de Venda de Bens e/ou Serviços," $148,706.00 "," $148,706,000.00 ",S,12,32897," $32,897,000.00 ",
08.159.965/0001-33,12/31/2016,2,IGUA SANEAMENTO S.A.,23175,DF Consolidado - Demonstração do Resultado,REAL,MIL,ÚLTIMO,1/1/2016,12/31/2016,3.01,Receita de Venda de Bens e/ou Serviços," $485,009.00 "," $485,009,000.00 ",S,12,289985," $289,985,000.00 ",
08.294.224/0001-65,12/31/2016,1,JHSF PARTICIPACOES S.A.,20605,DF Consolidado - Demonstração do Resultado,REAL,MIL,ÚLTIMO,1/1/2016,12/31/2016,3.01,Receita de Venda de Bens e/ou Serviços," $384,563.00 "," $384,563,000.00 ",S,12,231119," $231,119,000.00 ",
08.312.229/0001-73,12/31/2016,1,EZ TEC EMPREEND. E PARTICIPACOES S.A.,20770,DF Consolidado - Demonstração do Resultado,REAL,MIL,ÚLTIMO,1/1/2016,12/31/2016,3.01,Receita de Venda de Bens e/ou Serviços," $572,227.00 "," $572,227,000.00 ",S,12,302124," $302,124,000.00 ",
08.343.492/0001-20,12/31/2016,2,MRV ENGENHARIA E PARTICIPACOES S.A.,20915,DF Consolidado - Demonstração do Resultado,REAL,MIL,ÚLTIMO,1/1/2016,12/31/2016,3.01,Receita de Venda de Bens e/ou Serviços," $4,249,049.00 "," $4,249,049,000.00 ",S,12,2862270," $2,862,270,000.00 ",
08.364.948/0001-38,12/31/2016,3,ALUPAR INVESTIMENTO S/A,21490,DF Consolidado - Demonstração do Resultado,REAL,MIL,ÚLTIMO,1/1/2016,12/31/2016,3.01,Receita de Venda de Bens e/ou Serviços," $1,553,811.00 "," $1,553,811,000.00 ",S,12,340201," $340,201,000.00 ",
08.402.943/0001-52,12/31/2016,1,GUARARAPES CONFECCOES S.A.,4669,DF Consolidado - Demonstração do Resultado,REAL,MIL,ÚLTIMO,1/1/2016,12/31/2016,3.01,Receita de Venda de Bens e/ou Serviços," $5,921,650.00 "," $5,921,650,000.00 ",S,12,2347425," $2,347,425,000.00 ",
08.439.659/0001-50,12/31/2016,1,CPFL ENERGIAS RENOVÁVEIS S.A.,20540,DF Consolidado - Demonstração do Resultado,REAL,MIL,ÚLTIMO,1/1/2016,12/31/2016,3.01,Receita de Venda de Bens e/ou Serviços," $1,646,588.00 "," $1,646,588,000.00 ",S,12,856081," $856,081,000.00 ",
08.493.364/0001-62,3/31/2016,1,CIA MINEIRA DE AÇUCAR E ALCOOL PARTICIPAÇÕES,21709,DF Consolidado - Demonstração do Resultado,REAL,MIL,ÚLTIMO,4/1/2015,3/31/2016,3.01,Receita de Venda de Bens e/ou Serviços," $443,490.00 "," $443,490,000.00 ",S,0,378413," $378,413,000.00 ",
08.534.605/0001-74,12/31/2016,1,RENOVA ENERGIA S.A. - EM RECUPERAÇÃO JUDICIAL,21636,DF Consolidado - Demonstração do Resultado,REAL,MIL,ÚLTIMO,1/1/2016,12/31/2016,3.01,Receita de Venda de Bens e/ou Serviços," $483,137.00 "," $483,137,000.00 ",S,12,453613," $453,613,000.00 ",
08.560.444/0001-93,12/31/2016,1,CIA CELG DE PARTICIPACOES - CELGPAR,21393,DF Consolidado - Demonstração do Resultado,REAL,MIL,ÚLTIMO,1/1/2016,12/31/2016,3.01,Receita de Venda de Bens e/ou Serviços," $441,605.00 "," $441,605,000.00 ",S,12,64000," $64,000,000.00 ",
08.613.550/0001-98,12/31/2016,1,BRASIL BROKERS PARTICIPACOES S.A.,21180,DF Consolidado - Demonstração do Resultado,REAL,MIL,ÚLTIMO,1/1/2016,12/31/2016,3.01,Receita de Venda de Bens e/ou Serviços," $110,194.00 "," $110,194,000.00 ",S,12,3333," $3,333,000.00 ",
08.684.547/0001-65,12/31/2016,1,MAGNESITA REFRATARIOS S.A.,20842,DF Consolidado - Demonstração do Resultado,REAL,MIL,ÚLTIMO,1/1/2016,12/31/2016,3.01,Receita de Venda de Bens e/ou Serviços," $3,393,079.00 "," $3,393,079,000.00 ",S,12,2233162," $2,233,162,000.00 ",
08.741.499/0001-08,12/31/2016,1,PRUMO LOGISTICA SA,21482,DF Consolidado - Demonstração do Resultado,REAL,MIL,ÚLTIMO,1/1/2016,12/31/2016,3.01,Receita de Venda de Bens e/ou Serviços," $143,551.00 "," $143,551,000.00 ",S,12,165979," $165,979,000.00 ",
08.764.621/0001-53,12/31/2016,1,GENERAL SHOPPING E OUTLETS DO BRASIL S.A.,21008,DF Consolidado - Demonstração do Resultado,REAL,MIL,ÚLTIMO,1/1/2016,12/31/2016,3.01,Receita de Venda de Bens e/ou Serviços," $259,227.00 "," $259,227,000.00 ",S,12,37012," $37,012,000.00 ",
08.769.451/0001-08,12/31/2016,4,ISEC SECURITIZADORA S.A.,20818,DF Consolidado - Demonstração do Resultado,REAL,UNIDADE,ÚLTIMO,1/1/2016,12/31/2016,3.01,Receita de Venda de Bens e/ou Serviços," $665,070.00 "," $665,070.00 ",S,12,0, $-   ,
08.773.191/0001-36,12/31/2016,1,BRASILIANA PARTICIPAÇÕES S/A,23930,DF Consolidado - Demonstração do Resultado,REAL,MIL,ÚLTIMO,1/1/2016,12/31/2016,3.01,Receita de Venda de Bens e/ou Serviços," $56,989.00 "," $56,989,000.00 ",S,12,80895," $80,895,000.00 ",
08.801.621/0001-86,12/31/2016,1,CYRELA COMMERCIAL PROPERT S.A. EMPR PART,21040,DF Consolidado - Demonstração do Resultado,REAL,MIL,ÚLTIMO,1/1/2016,12/31/2016,3.01,Receita de Venda de Bens e/ou Serviços," $421,251.00 "," $421,251,000.00 ",S,12,163685," $163,685,000.00 ",
08.807.432/0001-10,12/31/2016,2,YDUQS PARTICIPACOES S.A.,21016,DF Consolidado - Demonstração do Resultado,REAL,MIL,ÚLTIMO,1/1/2016,12/31/2016,3.01,Receita de Venda de Bens e/ou Serviços," $3,184,505.00 "," $3,184,505,000.00 ",S,12,1809042," $1,809,042,000.00 ",
08.811.643/0001-27,12/31/2016,2,TRISUL S.A.,21130,DF Consolidado - Demonstração do Resultado,REAL,MIL,ÚLTIMO,1/1/2016,12/31/2016,3.01,Receita de Venda de Bens e/ou Serviços," $302,468.00 "," $302,468,000.00 ",S,12,215863," $215,863,000.00 ",
08.827.501/0001-58,12/31/2016,1,AEGEA SANEAMENTO E PARTICIPAÇÕES S.A.,23396,DF Consolidado - Demonstração do Resultado,REAL,MIL,ÚLTIMO,1/1/2016,12/31/2016,3.01,Receita de Venda de Bens e/ou Serviços," $1,439,832.00 "," $1,439,832,000.00 ",S,12,834184," $834,184,000.00 ",
08.873.873/0001-10,12/31/2016,1,ECORODOVIAS CONCESSÕES E SERVIÇOS S.A.,21903,DF Consolidado - Demonstração do Resultado,REAL,MIL,ÚLTIMO,1/1/2016,12/31/2016,3.01,Receita de Venda de Bens e/ou Serviços," $2,579,537.00 "," $2,579,537,000.00 ",S,12,1279603," $1,279,603,000.00 ",
08.884.213/0001-35,12/31/2016,1,BCO PATAGONIA S.A.,80063,DF Consolidado - Demonstração do Resultado,REAL,MIL,ÚLTIMO,1/1/2016,12/31/2016,3.01,Receitas da Intermediação Financeira," $2,103,696.00 "," $2,103,696,000.00 ",S,12,1179110," $1,179,110,000.00 ",
08.887.330/0001-52,12/31/2016,1,COSAN LIMITED,80071,DF Consolidado - Demonstração do Resultado,REAL,MIL,ÚLTIMO,1/1/2016,12/31/2016,3.01,Receita de Venda de Bens e/ou Serviços," $12,518,139.00 "," $12,518,139,000.00 ",S,12,8317490," $8,317,490,000.00 ",
08.926.302/0001-05,12/31/2016,1,DOMMO ENERGIA S.A.,23493,DF Consolidado - Demonstração do Resultado,REAL,MIL,ÚLTIMO,1/1/2016,12/31/2016,3.01,Receita de Venda de Bens e/ou Serviços," $198,726.00 "," $198,726,000.00 ",S,12,312201," $312,201,000.00 ",
08.935.054/0001-50,12/31/2016,3,MULTINER S/A,21520,DF Consolidado - Demonstração do Resultado,REAL,UNIDADE,ÚLTIMO,1/1/2016,12/31/2016,3.01,Receita de Venda de Bens e/ou Serviços," $47,366.00 "," $47,366.00 ",S,12,27930," $27,930.00 ",
09.041.168/0001-10,12/31/2016,3,LOG COMMERCIAL PROPERTIES E PARTICIPAÇÕES,23272,DF Consolidado - Demonstração do Resultado,REAL,MIL,ÚLTIMO,1/1/2016,12/31/2016,3.01,Receita de Venda de Bens e/ou Serviços," $96,774.00 "," $96,774,000.00 ",S,12,0, $-   ,
09.054.385/0001-44,12/31/2016,1,INBRANDS S.A.,22560,DF Consolidado - Demonstração do Resultado,REAL,MIL,ÚLTIMO,1/1/2016,12/31/2016,3.01,Receita de Venda de Bens e/ou Serviços," $825,695.00 "," $825,695,000.00 ",S,12,328197," $328,197,000.00 ",
09.112.685/0001-32,12/31/2016,6,OSX BRASIL S.A.,21342,DF Consolidado - Demonstração do Resultado,REAL,MIL,ÚLTIMO,1/1/2016,12/31/2016,3.01,Receita de Venda de Bens e/ou Serviços," $1,093.00 "," $1,093,000.00 ",S,12,7330," $7,330,000.00 ",
09.149.503/0001-06,12/31/2016,2,OMEGA GERAÇÃO S.A.,23426,DF Consolidado - Demonstração do Resultado,REAL,MIL,ÚLTIMO,1/1/2016,12/31/2016,3.01,Receita de Venda de Bens e/ou Serviços," $194,982.00 "," $194,982,000.00 ",S,12,117356," $117,356,000.00 ",
09.288.252/0001-32,12/31/2016,1,ANIMA HOLDING S.A.,23248,DF Consolidado - Demonstração do Resultado,REAL,MIL,ÚLTIMO,1/1/2016,12/31/2016,3.01,Receita de Venda de Bens e/ou Serviços," $960,434.00 "," $960,434,000.00 ",S,12,611583," $611,583,000.00 ",
09.295.063/0001-97,12/31/2016,1,TECHNOS S.A.,22519,DF Consolidado - Demonstração do Resultado,REAL,MIL,ÚLTIMO,1/1/2016,12/31/2016,3.01,Receita de Venda de Bens e/ou Serviços," $360,873.00 "," $360,873,000.00 ",S,12,191293," $191,293,000.00 ",
09.305.994/0001-29,12/31/2016,1,AZUL S.A.,24112,DF Consolidado - Demonstração do Resultado,REAL,MIL,ÚLTIMO,1/1/2016,12/31/2016,3.01,Receita de Venda de Bens e/ou Serviços," $6,669,891.00 "," $6,669,891,000.00 ",S,12,5451122," $5,451,122,000.00 ",
09.358.105/0001-91,12/31/2016,1,CETIP S.A. - BALCÃO ORGANIZADO DE ATIVOS E DERIVATIVOS,21792,DF Consolidado - Demonstração do Resultado,REAL,MIL,ÚLTIMO,1/1/2016,12/31/2016,3.01,Receita de Venda de Bens e/ou Serviços," $1,545,900.00 "," $1,545,900,000.00 ",S,12,259053," $259,053,000.00 ",
09.462.140/0001-56,12/31/2016,1,BASEL PARTICIPAÇÕES S/A,21601,DF Consolidado - Demonstração do Resultado,REAL,MIL,ÚLTIMO,1/1/2016,12/31/2016,3.01,Receita de Venda de Bens e/ou Serviços," $83,838.00 "," $83,838,000.00 ",S,12,60761," $60,761,000.00 ",
10.324.624/0001-18,12/31/2016,1,CONCESSÃO METROVIÁRIA DO RIO DE JANEIRO S.A.,22144,DF Consolidado - Demonstração do Resultado,REAL,MIL,ÚLTIMO,1/1/2016,12/31/2016,3.01,Receita de Venda de Bens e/ou Serviços," $959,131.00 "," $959,131,000.00 ",S,12,572325," $572,325,000.00 ",
10.345.009/0001-98,12/31/2016,3,ADVANCED DIGITAL HEALTH MEDICINA PREVENTIVA S.A.,21725,DF Consolidado - Demonstração do Resultado,REAL,MIL,ÚLTIMO,1/1/2016,12/31/2016,3.01,Receita de Venda de Bens e/ou Serviços, $-   , $-   ,S,12,0, $-   ,
10.629.105/0001-68,12/31/2016,2,PETRO RIO S.A.,22187,DF Consolidado - Demonstração do Resultado,REAL,MIL,ÚLTIMO,1/1/2016,12/31/2016,3.01,Receita de Venda de Bens e/ou Serviços," $397,871.00 "," $397,871,000.00 ",S,12,408468," $408,468,000.00 ",
10.747.021/0001-29,12/31/2016,1,PRÁTICA PARTICIPAÇÕES S/A,23728,DF Consolidado - Demonstração do Resultado,REAL,MIL,ÚLTIMO,1/1/2016,12/31/2016,3.01,Receita de Venda de Bens e/ou Serviços," $82,166.00 "," $82,166,000.00 ",S,12,43621," $43,621,000.00 ",
10.760.260/0001-19,12/31/2016,1,CVC BRASIL OPERADORA E AGÊNCIA DE VIAGENS S.A.,23310,DF Consolidado - Demonstração do Resultado,REAL,MIL,ÚLTIMO,1/1/2016,12/31/2016,3.01,Receita de Venda de Bens e/ou Serviços," $1,063,929.00 "," $1,063,929,000.00 ",S,12,0, $-   ,
10.851.805/0001-00,12/31/2016,1,FLEX GESTÃO DE RELACIONAMENTOS S.A.,24350,DF Consolidado - Demonstração do Resultado,REAL,MIL,ÚLTIMO,1/1/2016,12/31/2016,3.01,Receita de Venda de Bens e/ou Serviços," $494,843.00 "," $494,843,000.00 ",S,12,354728," $354,728,000.00 ",
11.102.250/0001-59,12/31/2016,1,BR HOME CENTERS S.A.,23710,DF Consolidado - Demonstração do Resultado,REAL,MIL,ÚLTIMO,1/1/2016,12/31/2016,3.01,Receita de Venda de Bens e/ou Serviços," $683,473.00 "," $683,473,000.00 ",S,12,431902," $431,902,000.00 ",
11.284.204/0001-18,12/31/2016,1,YOU INC INCORPORADORA E PARTICIPAÇÃO S.A,23604,DF Consolidado - Demonstração do Resultado,REAL,UNIDADE,ÚLTIMO,1/1/2016,12/31/2016,3.01,Receita de Venda de Bens e/ou Serviços," $310,794.00 "," $310,794.00 ",S,12,262848," $262,848.00 ",
11.395.624/0001-71,12/31/2016,1,BRASIL PHARMA S.A.,22500,DF Consolidado - Demonstração do Resultado,REAL,MIL,ÚLTIMO,1/1/2016,12/31/2016,3.01,Receita de Venda de Bens e/ou Serviços," $1,502,656.00 "," $1,502,656,000.00 ",S,12,1041187," $1,041,187,000.00 ",
11.423.623/0001-93,12/31/2016,1,DUFRY A.G.,80110,DF Consolidado - Demonstração do Resultado,REAL,MIL,ÚLTIMO,1/1/2016,12/31/2016,3.01,Receita de Venda de Bens e/ou Serviços," $27,490,512.00 "," $27,490,512,000.00 ",S,12,11396972," $11,396,972,000.00 ",
11.566.501/0001-56,3/31/2016,1,TEREOS INTERNACIONAL S/A,22136,DF Consolidado - Demonstração do Resultado,REAL,MIL,ÚLTIMO,4/1/2015,3/31/2016,3.01,Receita de Venda de Bens e/ou Serviços," $10,194,000.00 "," $10,194,000,000.00 ",S,0,8387000," $8,387,000,000.00 ",
11.669.021/0001-10,12/31/2016,1,ENAUTA PARTICIPAÇÕES S.A.,22365,DF Consolidado - Demonstração do Resultado,REAL,MIL,ÚLTIMO,1/1/2016,12/31/2016,3.01,Receita de Venda de Bens e/ou Serviços," $476,454.00 "," $476,454,000.00 ",S,12,240732," $240,732,000.00 ",
11.721.921/0001-60,12/31/2016,3,ALPER CONSULTORIA E CORRETORA DE SEGUROS S.A.,22217,DF Consolidado - Demonstração do Resultado,REAL,MIL,ÚLTIMO,1/1/2016,12/31/2016,3.01,Receita de Venda de Bens e/ou Serviços," $132,121.00 "," $132,121,000.00 ",S,12,0, $-   ,
11.992.680/0001-93,12/31/2016,1,QUALICORP CONSULTORIA E CORRETORA DE SEGUROS S.A.,22497,DF Consolidado - Demonstração do Resultado,REAL,MIL,ÚLTIMO,1/1/2016,12/31/2016,3.01,Receita de Venda de Bens e/ou Serviços," $1,964,404.00 "," $1,964,404,000.00 ",S,12,502642," $502,642,000.00 ",
12.049.631/0001-84,12/31/2016,2,MOURA DUBEUX ENGENHARIA S/A,21067,DF Consolidado - Demonstração do Resultado,REAL,MIL,ÚLTIMO,1/1/2016,12/31/2016,3.01,Receita de Venda de Bens e/ou Serviços," $602,816.00 "," $602,816,000.00 ",S,12,523006," $523,006,000.00 ",
12.648.327/0001-53,12/31/2016,2,HIDROVIAS DO BRASIL S.A.,22675,DF Consolidado - Demonstração do Resultado,REAL,MIL,ÚLTIMO,1/1/2016,12/31/2016,3.01,Receita de Venda de Bens e/ou Serviços," $392,599.00 "," $392,599,000.00 ",S,12,238843," $238,843,000.00 ",
13.444.994/0001-87,12/31/2016,2,MLOG S.A.,22586,DF Consolidado - Demonstração do Resultado,REAL,MIL,ÚLTIMO,1/1/2016,12/31/2016,3.01,Receita de Venda de Bens e/ou Serviços," $35,371.00 "," $35,371,000.00 ",S,12,27094," $27,094,000.00 ",
13.574.594/0001-96,12/31/2016,1,BK BRASIL OPERAÇÃO E ASSESSORIA A RESTAURANTES SA,24317,DF Consolidado - Demonstração do Resultado,REAL,UNIDADE,ÚLTIMO,1/1/2016,12/31/2016,3.01,Receita de Venda de Bens e/ou Serviços," $1,393,284.00 "," $1,393,284.00 ",S,12,526302," $526,302.00 ",
13.584.310/0001-42,12/31/2016,1,SUGOI S.A.,23957,DF Consolidado - Demonstração do Resultado,REAL,MIL,ÚLTIMO,1/1/2016,12/31/2016,3.01,Receita de Venda de Bens e/ou Serviços," $40,721.00 "," $40,721,000.00 ",S,12,28638," $28,638,000.00 ",
14.200.586/0001-42,12/31/2016,2,NAOMI PARTICIPAÇÕES S.A.,22667,DF Consolidado - Demonstração do Resultado,REAL,MIL,ÚLTIMO,1/1/2016,12/31/2016,3.01,Receita de Venda de Bens e/ou Serviços, $-   , $-   ,S,12,0, $-   ,
14.308.514/0001-13,12/31/2016,1,PARTICIPAÇÕES INDUST. DO NORDESTE S.A.,1597,DF Consolidado - Demonstração do Resultado,REAL,MIL,ÚLTIMO,1/1/2016,12/31/2016,3.01,Receita de Venda de Bens e/ou Serviços," $4,305.00 "," $4,305,000.00 ",S,12,0, $-   ,
14.807.945/0001-24,12/31/2016,1,SANSUY S.A. INDUSTRIA DE PLASTICOS,12696,DF Consolidado - Demonstração do Resultado,REAL,MIL,ÚLTIMO,1/1/2016,12/31/2016,3.01,Receita de Venda de Bens e/ou Serviços," $353,124.00 "," $353,124,000.00 ",S,12,302227," $302,227,000.00 ",
14.882.295/0001-81,12/31/2016,1,OCEANA OFFSHORE S.A.,23620,DF Consolidado - Demonstração do Resultado,REAL,MIL,ÚLTIMO,1/1/2016,12/31/2016,3.01,Receita de Venda de Bens e/ou Serviços," $567,399.00 "," $567,399,000.00 ",S,12,341378," $341,378,000.00 ",
14.998.371/0001-19,12/31/2016,1,J. MACEDO S.A.,21156,DF Consolidado - Demonstração do Resultado,REAL,MIL,ÚLTIMO,1/1/2016,12/31/2016,3.01,Receita de Venda de Bens e/ou Serviços," $1,648,100.00 "," $1,648,100,000.00 ",S,12,1091279," $1,091,279,000.00 ",
15.101.405/0001-93,12/31/2016,1,CORREA RIBEIRO S.A. COMERCIO E INDUSTRIA,4863,DF Consolidado - Demonstração do Resultado,REAL,MIL,ÚLTIMO,1/1/2016,12/31/2016,3.01,Receita de Venda de Bens e/ou Serviços," $2,521.00 "," $2,521,000.00 ",S,12,80," $80,000.00 ",
15.115.504/0001-24,12/31/2016,1,TRONOX PIGMENTOS DO BRASIL S/A,11398,DF Consolidado - Demonstração do Resultado,REAL,MIL,ÚLTIMO,1/1/2016,12/31/2016,3.01,Receita de Venda de Bens e/ou Serviços," $484,948.00 "," $484,948,000.00 ",S,12,418101," $418,101,000.00 ",
15.141.799/0001-03,12/31/2016,1,CIA FERRO LIGAS DA BAHIA - FERBASA,3069,DF Consolidado - Demonstração do Resultado,REAL,MIL,ÚLTIMO,1/1/2016,12/31/2016,3.01,Receita de Venda de Bens e/ou Serviços," $1,096,154.00 "," $1,096,154,000.00 ",S,12,922440," $922,440,000.00 ",
15.144.017/0001-90,12/31/2016,1,CIA SEGUROS ALIANCA DA BAHIA,3115,DF Consolidado - Demonstração do Resultado,REAL,MIL,ÚLTIMO,1/1/2016,12/31/2016,3.01,Receitas das Operações," $46,657.00 "," $46,657,000.00 ",S,12,37447," $37,447,000.00 ",
15.527.906/0001-36,3/31/2016,2,BIOSEV S.A.,22845,DF Consolidado - Demonstração do Resultado,REAL,MIL,ÚLTIMO,4/1/2015,3/31/2016,3.01,Receita de Venda de Bens e/ou Serviços," $6,162,648.00 "," $6,162,648,000.00 ",S,0,4400272," $4,400,272,000.00 ",
15.912.764/0001-20,12/31/2016,1,SMILES S.A.,23140,DF Consolidado - Demonstração do Resultado,REAL,MIL,ÚLTIMO,1/1/2016,12/31/2016,3.01,Receita de Venda de Bens e/ou Serviços," $1,548,109.00 "," $1,548,109,000.00 ",S,12,792856," $792,856,000.00 ",
16.234.171/0001-15,12/31/2016,1,METANOR SA METANOL DO NE,8745,DF Consolidado - Demonstração do Resultado,REAL,MIL,ÚLTIMO,1/1/2016,12/31/2016,3.01,Receita de Venda de Bens e/ou Serviços," $184,216.00 "," $184,216,000.00 ",S,12,157450," $157,450,000.00 ",
16.404.287/0001-55,12/31/2016,1,SUZANO S.A.,13986,DF Consolidado - Demonstração do Resultado,REAL,MIL,ÚLTIMO,1/1/2016,12/31/2016,3.01,Receita de Venda de Bens e/ou Serviços," $9,882,313.00 "," $9,882,313,000.00 ",S,12,6571622," $6,571,622,000.00 ",
16.590.234/0001-76,12/31/2016,3,AREZZO INDÚSTRIA E COMÉRCIO S.A.,22349,DF Consolidado - Demonstração do Resultado,REAL,MIL,ÚLTIMO,1/1/2016,12/31/2016,3.01,Receita de Venda de Bens e/ou Serviços," $1,239,110.00 "," $1,239,110,000.00 ",S,12,689819," $689,819,000.00 ",
16.614.075/0001-00,12/31/2016,1,DIRECIONAL ENGENHARIA S.A.,21350,DF Consolidado - Demonstração do Resultado,REAL,MIL,ÚLTIMO,1/1/2016,12/31/2016,3.01,Receita de Venda de Bens e/ou Serviços," $1,358,078.00 "," $1,358,078,000.00 ",S,12,1201779," $1,201,779,000.00 ",
16.670.085/0001-55,12/31/2016,2,LOCALIZA RENT A CAR S.A.,19739,DF Consolidado - Demonstração do Resultado,REAL,MIL,ÚLTIMO,1/1/2016,12/31/2016,3.01,Receita de Venda de Bens e/ou Serviços," $4,439,273.00 "," $4,439,273,000.00 ",S,12,3149234," $3,149,234,000.00 ",
17.155.730/0001-64,12/31/2016,1,CIA ENERGETICA DE MINAS GERAIS - CEMIG,2453,DF Consolidado - Demonstração do Resultado,REAL,MIL,ÚLTIMO,1/1/2016,12/31/2016,3.01,Receita de Venda de Bens e/ou Serviços," $18,772,656.00 "," $18,772,656,000.00 ",S,12,14428830," $14,428,830,000.00 ",
17.159.005/0001-64,12/31/2016,1,FIACAO TEC SAO JOSE S.A.,5983,DF Consolidado - Demonstração do Resultado,REAL,MIL,ÚLTIMO,1/1/2016,12/31/2016,3.01,Receita de Venda de Bens e/ou Serviços, $-   , $-   ,S,12,0, $-   ,
17.184.037/0001-10,12/31/2016,2,BCO MERCANTIL DO BRASIL S.A.,1325,DF Consolidado - Demonstração do Resultado,REAL,MIL,ÚLTIMO,1/1/2016,12/31/2016,3.01,Receitas da Intermediação Financeira," $3,320,033.00 "," $3,320,033,000.00 ",S,12,1646259," $1,646,259,000.00 ",
17.193.806/0001-46,12/31/2016,1,CONSORCIO ALFA DE ADMINISTRACAO S.A.,4707,DF Consolidado - Demonstração do Resultado,REAL,MIL,ÚLTIMO,1/1/2016,12/31/2016,3.01,Receita de Venda de Bens e/ou Serviços," $30,556.00 "," $30,556,000.00 ",S,12,89251," $89,251,000.00 ",
17.245.234/0001-00,12/31/2016,1,CIA FIACAO TECIDOS CEDRO CACHOEIRA,3077,DF Consolidado - Demonstração do Resultado,REAL,MIL,ÚLTIMO,1/1/2016,12/31/2016,3.01,Receita de Venda de Bens e/ou Serviços," $505,730.00 "," $505,730,000.00 ",S,12,461757," $461,757,000.00 ",
17.281.106/0001-03,12/31/2016,1,CIA SANEAMENTO DE MINAS GERAIS-COPASA MG,19445,DF Consolidado - Demonstração do Resultado,REAL,MIL,ÚLTIMO,1/1/2016,12/31/2016,3.01,Receita de Venda de Bens e/ou Serviços," $4,032,875.00 "," $4,032,875,000.00 ",S,12,2484398," $2,484,398,000.00 ",
17.314.329/0001-20,12/31/2016,1,INTERNATIONAL MEAL COMPANY ALIMENTACAO S.A.,23574,DF Consolidado - Demonstração do Resultado,REAL,MIL,ÚLTIMO,1/1/2016,12/31/2016,3.01,Receita de Venda de Bens e/ou Serviços," $1,540,638.00 "," $1,540,638,000.00 ",S,12,1068226," $1,068,226,000.00 ",
17.344.597/0001-94,12/31/2016,1,BB SEGURIDADE PARTICIPAÇÕES S.A.,23159,DF Consolidado - Demonstração do Resultado,REAL,MIL,ÚLTIMO,1/1/2016,12/31/2016,3.01,Receitas das Operações, $-   , $-   ,S,12,0, $-   ,
17.346.997/0001-39,12/31/2016,3,COSAN LOGISTICA S.A.,23485,DF Consolidado - Demonstração do Resultado,REAL,MIL,ÚLTIMO,1/1/2016,12/31/2016,3.01,Receita de Venda de Bens e/ou Serviços," $5,014,555.00 "," $5,014,555,000.00 ",S,12,3769147," $3,769,147,000.00 ",
18.572.225/0001-88,12/31/2016,1,CONCEBRA - CONCESSIONARIA DAS RODOVIAS CENTRAIS DO BRASIL SA,23868,DF Consolidado - Demonstração do Resultado,REAL,UNIDADE,ÚLTIMO,1/1/2016,12/31/2016,3.01,Receita de Venda de Bens e/ou Serviços," $520,399.00 "," $520,399.00 ",S,12,387302," $387,302.00 ",
18.593.815/0001-97,12/31/2016,1,PRINER SERVIÇOS INDUSTRIAIS S.A.,24236,DF Consolidado - Demonstração do Resultado,REAL,MIL,ÚLTIMO,1/1/2016,12/31/2016,3.01,Receita de Venda de Bens e/ou Serviços," $204,112.00 "," $204,112,000.00 ",S,12,156967," $156,967,000.00 ",
19.296.342/0001-29,12/31/2016,1,MGI - MINAS GERAIS PARTICIPAÇÕES S.A.,22942,DF Consolidado - Demonstração do Resultado,REAL,MIL,ÚLTIMO,1/1/2016,12/31/2016,3.01,Receita de Venda de Bens e/ou Serviços," $275,149.00 "," $275,149,000.00 ",S,12,287842," $287,842,000.00 ",
19.378.769/0001-76,12/31/2016,1,INSTITUTO HERMES PARDINI S.A.,24090,DF Consolidado - Demonstração do Resultado,REAL,MIL,ÚLTIMO,1/1/2016,12/31/2016,3.01,Receita de Venda de Bens e/ou Serviços," $899,414.00 "," $899,414,000.00 ",S,12,604977," $604,977,000.00 ",
19.526.748/0001-50,12/31/2016,1,CIA INDUSTRIAL CATAGUASES,3395,DF Consolidado - Demonstração do Resultado,REAL,MIL,ÚLTIMO,1/1/2016,12/31/2016,3.01,Receita de Venda de Bens e/ou Serviços," $194,122.00 "," $194,122,000.00 ",S,12,156847," $156,847,000.00 ",
19.688.956/0001-56,12/31/2016,1,BIOTOSCANA INVESTMENTS S.A.,80179,DF Consolidado - Demonstração do Resultado,REAL,UNIDADE,ÚLTIMO,1/1/2016,12/31/2016,3.01,Receita de Venda de Bens e/ou Serviços," $794,503,251.00 "," $794,503,251.00 ",S,12,396891590," $396,891,590.00 ",
20.258.278/0001-70,12/31/2016,1,OURO FINO SAUDE ANIMAL PARTICIPACOES S.A.,23507,DF Consolidado - Demonstração do Resultado,REAL,MIL,ÚLTIMO,1/1/2016,12/31/2016,3.01,Receita de Venda de Bens e/ou Serviços," $456,587.00 "," $456,587,000.00 ",S,12,230504," $230,504,000.00 ",
21.255.567/0001-89,12/31/2016,2,CIA TECIDOS SANTANENSE,4081,DF Consolidado - Demonstração do Resultado,REAL,MIL,ÚLTIMO,1/1/2016,12/31/2016,3.01,Receita de Venda de Bens e/ou Serviços," $376,607.00 "," $376,607,000.00 ",S,12,315061," $315,061,000.00 ",
21.314.559/0001-66,12/31/2016,1,MOVIDA PARTICIPACOES SA,23825,DF Consolidado - Demonstração do Resultado,REAL,MIL,ÚLTIMO,1/1/2016,12/31/2016,3.01,Receita de Venda de Bens e/ou Serviços," $1,893,180.00 "," $1,893,180,000.00 ",S,12,1448915," $1,448,915,000.00 ",
22.543.331/0001-00,12/31/2016,1,CAIXA SEGURIDADE PARTICIPAÇÕES S.A.,23795,DF Consolidado - Demonstração do Resultado,REAL,MIL,ÚLTIMO,1/1/2016,12/31/2016,3.01,Receita de Venda de Bens e/ou Serviços, $-   , $-   ,S,12,0, $-   ,
22.677.520/0001-76,12/31/2016,2,CIA TECIDOS NORTE DE MINAS COTEMINAS,3158,DF Consolidado - Demonstração do Resultado,REAL,MIL,ÚLTIMO,1/1/2016,12/31/2016,3.01,Receita de Venda de Bens e/ou Serviços," $2,658,850.00 "," $2,658,850,000.00 ",S,12,1978334," $1,978,334,000.00 ",
22.770.366/0001-82,12/31/2016,1,TEC TOY S.A.,14133,DF Consolidado - Demonstração do Resultado,REAL,MIL,ÚLTIMO,1/1/2016,12/31/2016,3.01,Receita de Venda de Bens e/ou Serviços," $7,981.00 "," $7,981,000.00 ",S,12,8405," $8,405,000.00 ",
24.624.551/0001-94,12/31/2016,1,ARGO ENERGIA EMPREENDIMENTOS E PARTICIPAÇÕES S/A,24120,DF Consolidado - Demonstração do Resultado,REAL,MIL,ÚLTIMO,3/23/2016,12/31/2016,3.01,Receita de Venda de Bens e/ou Serviços," $36,095.00 "," $36,095,000.00 ",S,10,-1067.15416," $(1,067,154.16)",
28.127.603/0001-78,12/31/2016,2,BANESTES S.A. - BCO EST ESPIRITO SANTO,1155,DF Consolidado - Demonstração do Resultado,REAL,MIL,ÚLTIMO,1/1/2016,12/31/2016,3.01,Receitas da Intermediação Financeira," $2,898,343.00 "," $2,898,343,000.00 ",S,12,2114464," $2,114,464,000.00 ",
28.195.667/0001-06,12/31/2016,2,BCO ABC BRASIL S.A.,20958,DF Consolidado - Demonstração do Resultado,REAL,MIL,ÚLTIMO,1/1/2016,12/31/2016,3.01,Receitas da Intermediação Financeira," $2,010,847.00 "," $2,010,847,000.00 ",S,12,1644647," $1,644,647,000.00 ",
29.780.061/0001-09,12/31/2016,1,SAO CARLOS EMPREEND E PARTICIPACOES S.A.,13781,DF Consolidado - Demonstração do Resultado,REAL,MIL,ÚLTIMO,1/1/2016,12/31/2016,3.01,Receita de Venda de Bens e/ou Serviços," $450,238.00 "," $450,238,000.00 ",S,12,91614," $91,614,000.00 ",
29.978.814/0001-87,12/31/2016,1,SUL AMERICA S.A.,21121,DF Consolidado - Demonstração do Resultado,REAL,MIL,ÚLTIMO,1/1/2016,12/31/2016,3.01,Receita de Venda de Bens e/ou Serviços," $16,274,044.00 "," $16,274,044,000.00 ",S,12,14620123," $14,620,123,000.00 ",
30.306.294/0001-45,12/31/2016,2,BCO BTG PACTUAL S.A.,22616,DF Consolidado - Demonstração do Resultado,REAL,MIL,ÚLTIMO,1/1/2016,12/31/2016,3.01,Receitas da Intermediação Financeira," $13,000,416.00 "," $13,000,416,000.00 ",S,12,5672205," $5,672,205,000.00 ",
30.540.991/0001-66,12/31/2016,1,HAGA S.A. INDUSTRIA E COMERCIO,13366,DF Consolidado - Demonstração do Resultado,REAL,UNIDADE,ÚLTIMO,1/1/2016,12/31/2016,3.01,Receita de Venda de Bens e/ou Serviços," $26,475,364.00 "," $26,475,364.00 ",S,12,17307448," $17,307,448.00 ",
32.681.371/0001-72,12/31/2016,1,VIX LOGÍSTICA S/A,21202,DF Consolidado - Demonstração do Resultado,REAL,MIL,ÚLTIMO,1/1/2016,12/31/2016,3.01,Receita de Venda de Bens e/ou Serviços," $1,026,653.00 "," $1,026,653,000.00 ",S,12,857125," $857,125,000.00 ",
33.000.167/0001-01,12/31/2016,2,PETROLEO BRASILEIRO S.A. PETROBRAS,9512,DF Consolidado - Demonstração do Resultado,REAL,MIL,ÚLTIMO,1/1/2016,12/31/2016,3.01,Receita de Venda de Bens e/ou Serviços," $282,589,000.00 "," $282,589,000,000.00 ",S,12,192611000," $192,611,000,000.00 ",
33.014.556/0001-96,12/31/2016,1,LOJAS AMERICANAS S.A.,8087,DF Consolidado - Demonstração do Resultado,REAL,MIL,ÚLTIMO,1/1/2016,12/31/2016,3.01,Receita de Venda de Bens e/ou Serviços," $18,103,512.00 "," $18,103,512,000.00 ",S,12,12703942," $12,703,942,000.00 ",
33.035.536/0001-00,12/31/2016,1,JOAO FORTES ENGENHARIA S.A.,7811,DF Consolidado - Demonstração do Resultado,REAL,MIL,ÚLTIMO,1/1/2016,12/31/2016,3.01,Receita de Venda de Bens e/ou Serviços," $236,146.00 "," $236,146,000.00 ",S,12,319517," $319,517,000.00 ",
33.039.223/0001-11,12/31/2016,1,CIMENTO TUPI S.A.,22829,DF Consolidado - Demonstração do Resultado,REAL,MIL,ÚLTIMO,1/1/2016,12/31/2016,3.01,Receita de Venda de Bens e/ou Serviços," $317,839.00 "," $317,839,000.00 ",S,12,294579," $294,579,000.00 ",
33.041.260/0652-90,12/31/2016,1,VIA VAREJO S.A.,6505,DF Consolidado - Demonstração do Resultado,REAL,MIL,ÚLTIMO,1/1/2016,12/31/2016,3.01,Receita de Venda de Bens e/ou Serviços," $19,819,000.00 "," $19,819,000,000.00 ",S,12,13113000," $13,113,000,000.00 ",
33.042.730/0001-04,12/31/2016,1,CIA SIDERURGICA NACIONAL,4030,DF Consolidado - Demonstração do Resultado,REAL,MIL,ÚLTIMO,1/1/2016,12/31/2016,3.01,Receita de Venda de Bens e/ou Serviços," $17,148,949.00 "," $17,148,949,000.00 ",S,12,12640042," $12,640,042,000.00 ",
33.102.476/0001-92,12/31/2016,1,MONTEIRO ARANHA S.A.,8893,DF Consolidado - Demonstração do Resultado,REAL,MIL,ÚLTIMO,1/1/2016,12/31/2016,3.01,Receita de Venda de Bens e/ou Serviços," $3,553.00 "," $3,553,000.00 ",S,12,0, $-   ,
33.111.246/0001-90,12/31/2016,1,TECNOSOLO ENGENHARIA S.A.,11207,DF Consolidado - Demonstração do Resultado,REAL,MIL,ÚLTIMO,1/1/2016,12/31/2016,3.01,Receita de Venda de Bens e/ou Serviços," $17,527.00 "," $17,527,000.00 ",S,12,13051," $13,051,000.00 ",
33.113.309/0001-47,12/31/2016,3,VALID SOLUÇÕES S.A.,20028,DF Consolidado - Demonstração do Resultado,REAL,MIL,ÚLTIMO,1/1/2016,12/31/2016,3.01,Receita de Venda de Bens e/ou Serviços," $1,723,850.00 "," $1,723,850,000.00 ",S,12,1277200," $1,277,200,000.00 ",
33.200.049/0001-47,12/31/2016,1,HOTEIS OTHON S.A. - EM RECUPERAÇÃO JUDICIAL,6700,DF Consolidado - Demonstração do Resultado,REAL,MIL,ÚLTIMO,1/1/2016,12/31/2016,3.01,Receita de Venda de Bens e/ou Serviços," $143,684.00 "," $143,684,000.00 ",S,12,48720," $48,720,000.00 ",
33.228.024/0001-51,12/31/2016,1,WLM PART. E COMÉRCIO DE MÁQUINAS E VEÍCULOS S.A.,11070,DF Consolidado - Demonstração do Resultado,REAL,MIL,ÚLTIMO,1/1/2016,12/31/2016,3.01,Receita de Venda de Bens e/ou Serviços," $421,470.00 "," $421,470,000.00 ",S,12,328310," $328,310,000.00 ",
33.256.439/0001-39,12/31/2016,1,ULTRAPAR PARTICIPACOES S.A.,18465,DF Consolidado - Demonstração do Resultado,REAL,MIL,ÚLTIMO,1/1/2016,12/31/2016,3.01,Receita de Venda de Bens e/ou Serviços," $77,352,955.00 "," $77,352,955,000.00 ",S,12,70342723," $70,342,723,000.00 ",
33.376.989/0001-91,12/31/2016,1,IRB - BRASIL RESSEGUROS S.A.,24180,DF Consolidado - Demonstração do Resultado,REAL,MIL,ÚLTIMO,1/1/2016,12/31/2016,3.01,Receitas das Operações," $4,162,175.00 "," $4,162,175,000.00 ",S,12,3422681," $3,422,681,000.00 ",
33.386.210/0001-19,12/31/2016,1,SONDOTECNICA ENGENHARIA SOLOS S.A.,10880,DF Consolidado - Demonstração do Resultado,REAL,MIL,ÚLTIMO,1/1/2016,12/31/2016,3.01,Receita de Venda de Bens e/ou Serviços," $86,248.00 "," $86,248,000.00 ",S,12,61517," $61,517,000.00 ",
33.412.081/0001-96,12/31/2016,1,REFINARIA DE PETROLEOS MANGUINHOS S.A.,9989,DF Consolidado - Demonstração do Resultado,REAL,MIL,ÚLTIMO,1/1/2016,12/31/2016,3.01,Receita de Venda de Bens e/ou Serviços," $711,544.00 "," $711,544,000.00 ",S,12,900659," $900,659,000.00 ",
33.467.572/0001-34,12/31/2016,1,TEKNO S.A. - INDUSTRIA E COMERCIO,11231,DF Consolidado - Demonstração do Resultado,REAL,MIL,ÚLTIMO,1/1/2016,12/31/2016,3.01,Receita de Venda de Bens e/ou Serviços," $110,644.00 "," $110,644,000.00 ",S,12,106354," $106,354,000.00 ",
33.541.368/0001-16,12/31/2016,2,CIA HIDRO ELÉTRICA DO SÃO FRANCISCO,3328,DF Consolidado - Demonstração do Resultado,REAL,MIL,ÚLTIMO,1/1/2016,12/31/2016,3.01,Receita de Venda de Bens e/ou Serviços," $12,754,264.00 "," $12,754,264,000.00 ",S,12,2146360," $2,146,360,000.00 ",
33.592.510/0001-54,12/31/2016,1,VALE S.A.,4170,DF Consolidado - Demonstração do Resultado,REAL,MIL,ÚLTIMO,1/1/2016,12/31/2016,3.01,Receita de Venda de Bens e/ou Serviços," $94,633,264.00 "," $94,633,264,000.00 ",S,12,61143430," $61,143,430,000.00 ",
33.611.500/0001-19,12/31/2016,1,GERDAU S.A.,3980,DF Consolidado - Demonstração do Resultado,REAL,MIL,ÚLTIMO,1/1/2016,12/31/2016,3.01,Receita de Venda de Bens e/ou Serviços," $37,651,667.00 "," $37,651,667,000.00 ",S,12,34187941," $34,187,941,000.00 ",
33.958.695/0001-78,12/31/2016,4,UNIPAR CARBOCLORO S.A.,11592,DF Consolidado - Demonstração do Resultado,REAL,MIL,ÚLTIMO,1/1/2016,12/31/2016,3.01,Receita de Venda de Bens e/ou Serviços," $889,706.00 "," $889,706,000.00 ",S,12,502216," $502,216,000.00 ",
34.274.233/0001-02,12/31/2016,1,PETROBRAS DISTRIBUIDORA S/A,24295,DF Consolidado - Demonstração do Resultado,REAL,MIL,ÚLTIMO,1/1/2016,12/31/2016,3.01,Receita de Venda de Bens e/ou Serviços," $86,637,000.00 "," $86,637,000,000.00 ",S,12,80172000," $80,172,000,000.00 ",
35.791.391/0001-94,12/31/2016,1,QUALITY SOFTWARE S.A.,23302,DF Consolidado - Demonstração do Resultado,REAL,UNIDADE,ÚLTIMO,1/1/2016,12/31/2016,3.01,Receita de Venda de Bens e/ou Serviços," $68,186,234.00 "," $68,186,234.00 ",S,12,46350291," $46,350,291.00 ",
36.542.025/0001-64,12/31/2016,1,BRQ SOLUCOES EM INFORMATICA S.A.,23817,DF Consolidado - Demonstração do Resultado,REAL,MIL,ÚLTIMO,1/1/2016,12/31/2016,3.01,Receita de Venda de Bens e/ou Serviços," $350,245.00 "," $350,245,000.00 ",S,12,284472," $284,472,000.00 ",
42.150.391/0001-70,12/31/2016,1,BRASKEM S.A.,4820,DF Consolidado - Demonstração do Resultado,REAL,MIL,ÚLTIMO,1/1/2016,12/31/2016,3.01,Receita de Venda de Bens e/ou Serviços," $47,663,988.00 "," $47,663,988,000.00 ",S,12,34940619," $34,940,619,000.00 ",
42.278.291/0001-24,12/31/2016,1,LOG-IN LOGISTICA INTERMODAL S.A.,20710,DF Consolidado - Demonstração do Resultado,REAL,MIL,ÚLTIMO,1/1/2016,12/31/2016,3.01,Receita de Venda de Bens e/ou Serviços," $794,031.00 "," $794,031,000.00 ",S,12,798041," $798,041,000.00 ",
42.278.473/0001-03,12/31/2016,2,WIZ SOLUÇÕES E CORRETAGEM DE SEGUROS S.A.,23590,DF Consolidado - Demonstração do Resultado,REAL,MIL,ÚLTIMO,1/1/2016,12/31/2016,3.01,Receita de Venda de Bens e/ou Serviços," $403,747.00 "," $403,747,000.00 ",S,12,128351," $128,351,000.00 ",
42.331.462/0001-31,12/31/2016,1,BATTISTELLA ADM PARTICIPACOES S.A.,15458,DF Consolidado - Demonstração do Resultado,REAL,MIL,ÚLTIMO,12/1/2016,12/31/2016,3.01,Receita de Venda de Bens e/ou Serviços," $149,636.00 "," $149,636,000.00 ",S,1,126367," $126,367,000.00 ",
42.771.949/0001-35,12/31/2016,1,CENTRO DE IMAGEM DIAGNOSTICOS S.A.,24058,DF Consolidado - Demonstração do Resultado,REAL,MIL,ÚLTIMO,1/1/2016,12/31/2016,3.01,Receita de Venda de Bens e/ou Serviços," $951,470.00 "," $951,470,000.00 ",S,12,591019," $591,019,000.00 ",
43.185.362/0001-07,12/31/2016,1,IGB ELETRÔNICA S/A,6815,DF Consolidado - Demonstração do Resultado,REAL,MIL,ÚLTIMO,1/1/2016,12/31/2016,3.01,Receita de Venda de Bens e/ou Serviços," $8,337.00 "," $8,337,000.00 ",S,12,1675," $1,675,000.00 ",
43.470.988/0001-65,12/31/2016,1,EVEN CONSTRUTORA E INCORPORADORA S.A.,20524,DF Consolidado - Demonstração do Resultado,REAL,MIL,ÚLTIMO,1/1/2016,12/31/2016,3.01,Receita de Venda de Bens e/ou Serviços," $1,743,088.00 "," $1,743,088,000.00 ",S,12,1406203," $1,406,203,000.00 ",
45.453.214/0001-51,12/31/2016,2,PROFARMA DISTRIB PROD FARMACEUTICOS S.A.,20346,DF Consolidado - Demonstração do Resultado,REAL,MIL,ÚLTIMO,1/1/2016,12/31/2016,3.01,Receita de Venda de Bens e/ou Serviços," $4,084,669.00 "," $4,084,669,000.00 ",S,12,3459416," $3,459,416,000.00 ",
46.014.635/0001-49,12/31/2016,2,CONSTRUTORA LIX DA CUNHA S.A.,4774,DF Consolidado - Demonstração do Resultado,REAL,MIL,ÚLTIMO,1/1/2016,12/31/2016,3.01,Receita de Venda de Bens e/ou Serviços, $293.00 ," $293,000.00 ",S,12,617," $617,000.00 ",
47.508.411/0001-56,12/31/2016,2,CIA BRASILEIRA DE DISTRIBUICAO,14826,DF Consolidado - Demonstração do Resultado,REAL,MIL,ÚLTIMO,1/1/2016,12/31/2016,3.01,Receita de Venda de Bens e/ou Serviços," $41,454,000.00 "," $41,454,000,000.00 ",S,12,31933000," $31,933,000,000.00 ",
47.960.950/0001-21,12/31/2016,2,MAGAZINE LUIZA S.A.,22470,DF Consolidado - Demonstração do Resultado,REAL,MIL,ÚLTIMO,1/1/2016,12/31/2016,3.01,Receita de Venda de Bens e/ou Serviços," $9,508,745.00 "," $9,508,745,000.00 ",S,12,6586130," $6,586,130,000.00 ",
49.263.189/0001-02,12/31/2016,3,HELBOR EMPREENDIMENTOS S.A.,20877,DF Consolidado - Demonstração do Resultado,REAL,MIL,ÚLTIMO,1/1/2016,12/31/2016,3.01,Receita de Venda de Bens e/ou Serviços," $901,954.00 "," $901,954,000.00 ",S,12,805371," $805,371,000.00 ",
49.669.856/0001-43,12/31/2016,1,RESTOQUE COMÉRCIO E CONFECÇÕES DE ROUPAS S.A.,21440,DF Consolidado - Demonstração do Resultado,REAL,MIL,ÚLTIMO,1/1/2016,12/31/2016,3.01,Receita de Venda de Bens e/ou Serviços," $1,125,829.00 "," $1,125,829,000.00 ",S,12,469799," $469,799,000.00 ",
50.564.053/0001-03,12/31/2016,1,BOMBRIL S.A.,12190,DF Consolidado - Demonstração do Resultado,REAL,MIL,ÚLTIMO,1/1/2016,12/31/2016,3.01,Receita de Venda de Bens e/ou Serviços," $1,097,770.00 "," $1,097,770,000.00 ",S,12,621310," $621,310,000.00 ",
50.746.577/0001-15,12/31/2016,1,COSAN S.A.,19836,DF Consolidado - Demonstração do Resultado,REAL,MIL,ÚLTIMO,1/1/2016,12/31/2016,3.01,Receita de Venda de Bens e/ou Serviços," $7,541,793.00 "," $7,541,793,000.00 ",S,12,4586552," $4,586,552,000.00 ",
50.926.955/0001-42,12/31/2016,6,VULCABRAS/AZALEIA S.A.,11762,DF Consolidado - Demonstração do Resultado,REAL,MIL,ÚLTIMO,1/1/2016,12/31/2016,3.01,Receita de Venda de Bens e/ou Serviços," $1,134,220.00 "," $1,134,220,000.00 ",S,12,741666," $741,666,000.00 ",
51.128.999/0001-90,12/31/2016,1,NUTRIPLANT INDUSTRIA E COMERCIO S.A.,21334,DF Consolidado - Demonstração do Resultado,REAL,MIL,ÚLTIMO,1/1/2016,12/31/2016,3.01,Receita de Venda de Bens e/ou Serviços," $30,362.00 "," $30,362,000.00 ",S,12,22708," $22,708,000.00 ",
51.218.147/0001-93,12/31/2016,1,IGUATEMI EMPRESA DE SHOPPING CENTERS S.A,20494,DF Consolidado - Demonstração do Resultado,REAL,MIL,ÚLTIMO,1/1/2016,12/31/2016,3.01,Receita de Venda de Bens e/ou Serviços," $668,147.00 "," $668,147,000.00 ",S,12,208114," $208,114,000.00 ",
51.466.860/0001-56,3/31/2016,1,SAO MARTINHO S.A.,20516,DF Consolidado - Demonstração do Resultado,REAL,MIL,ÚLTIMO,4/1/2015,3/31/2016,3.01,Receita de Venda de Bens e/ou Serviços," $2,338,730.00 "," $2,338,730,000.00 ",S,0,1714882," $1,714,882,000.00 ",
51.928.174/0001-50,12/31/2016,1,PLASCAR PARTICIPACOES INDUSTRIAIS S.A.,13471,DF Consolidado - Demonstração do Resultado,REAL,MIL,ÚLTIMO,1/1/2016,12/31/2016,3.01,Receita de Venda de Bens e/ou Serviços," $351,385.00 "," $351,385,000.00 ",S,12,386884," $386,884,000.00 ",
52.548.435/0001-79,12/31/2016,3,JSL S.A.,22020,DF Consolidado - Demonstração do Resultado,REAL,MIL,ÚLTIMO,1/1/2016,12/31/2016,3.01,Receita de Venda de Bens e/ou Serviços," $6,739,417.00 "," $6,739,417,000.00 ",S,12,5442057," $5,442,057,000.00 ",
53.113.791/0001-22,12/31/2016,1,TOTVS S.A.,19992,DF Consolidado - Demonstração do Resultado,REAL,MIL,ÚLTIMO,1/1/2016,12/31/2016,3.01,Receita de Venda de Bens e/ou Serviços," $2,183,786.00 "," $2,183,786,000.00 ",S,12,876778," $876,778,000.00 ",
53.790.218/0001-53,12/31/2016,1,JPSP INVESTIMENTOS E PARTICIPAÇÕES S/A,12262,DF Consolidado - Demonstração do Resultado,REAL,MIL,ÚLTIMO,1/1/2016,12/31/2016,3.01,Receita de Venda de Bens e/ou Serviços, $-   , $-   ,S,12,0, $-   ,
54.526.082/0001-31,12/31/2016,1,ITAUTEC S.A. - GRUPO ITAUTEC,12530,DF Consolidado - Demonstração do Resultado,REAL,MIL,ÚLTIMO,1/1/2016,12/31/2016,3.01,Receita de Venda de Bens e/ou Serviços," $7,877.00 "," $7,877,000.00 ",S,12,9123," $9,123,000.00 ",
56.643.018/0001-66,12/31/2016,2,EUCATEX S.A. INDUSTRIA E COMERCIO,5770,DF Consolidado - Demonstração do Resultado,REAL,MIL,ÚLTIMO,1/1/2016,12/31/2016,3.01,Receita de Venda de Bens e/ou Serviços," $1,144,450.00 "," $1,144,450,000.00 ",S,12,825346," $825,346,000.00 ",
56.720.428/0001-63,12/31/2016,1,INDUSTRIAS ROMI S.A.,7510,DF Consolidado - Demonstração do Resultado,REAL,MIL,ÚLTIMO,1/1/2016,12/31/2016,3.01,Receita de Venda de Bens e/ou Serviços," $586,917.00 "," $586,917,000.00 ",S,12,469921," $469,921,000.00 ",
56.992.423/0001-90,12/31/2016,1,BICICLETAS MONARK S.A.,1694,DF Consolidado - Demonstração do Resultado,REAL,MIL,ÚLTIMO,1/1/2016,12/31/2016,3.01,Receita de Venda de Bens e/ou Serviços," $19,405.00 "," $19,405,000.00 ",S,12,13172," $13,172,000.00 ",
58.119.199/0001-51,12/31/2016,1,ODONTOPREV S.A.,20125,DF Consolidado - Demonstração do Resultado,REAL,MIL,ÚLTIMO,1/1/2016,12/31/2016,3.01,Receita de Venda de Bens e/ou Serviços," $1,365,039.00 "," $1,365,039,000.00 ",S,12,671804," $671,804,000.00 ",
59.105.999/0001-86,12/31/2016,1,WHIRLPOOL S.A.,14346,DF Consolidado - Demonstração do Resultado,REAL,MIL,ÚLTIMO,1/1/2016,12/31/2016,3.01,Receita de Venda de Bens e/ou Serviços," $9,218,765.00 "," $9,218,765,000.00 ",S,12,7634030," $7,634,030,000.00 ",
59.285.411/0001-13,12/31/2016,2,BCO PAN S.A.,21199,DF Consolidado - Demonstração do Resultado,REAL,MIL,ÚLTIMO,1/1/2016,12/31/2016,3.01,Receitas da Intermediação Financeira," $7,714,794.00 "," $7,714,794,000.00 ",S,12,3521368," $3,521,368,000.00 ",
60.398.369/0004-79,12/31/2016,1,PARANAPANEMA S.A.,9393,DF Consolidado - Demonstração do Resultado,REAL,MIL,ÚLTIMO,1/1/2016,12/31/2016,3.01,Receita de Venda de Bens e/ou Serviços," $4,586,455.00 "," $4,586,455,000.00 ",S,12,4236587," $4,236,587,000.00 ",
60.476.884/0001-87,12/31/2016,1,MAHLE-METAL LEVE S.A.,8575,DF Consolidado - Demonstração do Resultado,REAL,MIL,ÚLTIMO,1/1/2016,12/31/2016,3.01,Receita de Venda de Bens e/ou Serviços," $2,236,007.00 "," $2,236,007,000.00 ",S,12,1640004," $1,640,004,000.00 ",
60.500.139/0001-26,12/31/2016,1,SARAIVA LIVREIROS S.A. - EM RECUPERAÇÃO JUDICIAL,10472,DF Consolidado - Demonstração do Resultado,REAL,MIL,ÚLTIMO,1/1/2016,12/31/2016,3.01,Receita de Venda de Bens e/ou Serviços," $1,737,563.00 "," $1,737,563,000.00 ",S,12,1143284," $1,143,284,000.00 ",
60.543.816/0001-93,12/31/2016,1,JEREISSATI PARTICIPACOES S.A.,8672,DF Consolidado - Demonstração do Resultado,REAL,MIL,ÚLTIMO,1/1/2016,12/31/2016,3.01,Receita de Venda de Bens e/ou Serviços," $668,710.00 "," $668,710,000.00 ",S,12,208423," $208,423,000.00 ",
60.637.238/0001-54,12/31/2016,1,INDUSTRIAS J B DUARTE S.A.,12319,DF Consolidado - Demonstração do Resultado,REAL,MIL,ÚLTIMO,1/1/2016,12/31/2016,3.01,Receita de Venda de Bens e/ou Serviços, $-   , $-   ,S,12,0, $-   ,
60.643.228/0001-21,12/31/2016,2,FIBRIA CELULOSE S.A.,12793,DF Consolidado - Demonstração do Resultado,REAL,MIL,ÚLTIMO,1/1/2016,12/31/2016,3.01,Receita de Venda de Bens e/ou Serviços," $9,614,817.00 "," $9,614,817,000.00 ",S,12,7108346," $7,108,346,000.00 ",
60.651.809/0001-05,12/31/2016,2,SUZANO HOLDING S.A.,9067,DF Consolidado - Demonstração do Resultado,REAL,MIL,ÚLTIMO,1/1/2016,12/31/2016,3.01,Receita de Venda de Bens e/ou Serviços," $9,882,629.00 "," $9,882,629,000.00 ",S,12,6573110," $6,573,110,000.00 ",
60.730.348/0001-66,12/31/2016,1,CIA MELHORAMENTOS DE SAO PAULO,3654,DF Consolidado - Demonstração do Resultado,REAL,MIL,ÚLTIMO,1/1/2016,12/31/2016,3.01,Receita de Venda de Bens e/ou Serviços," $526,077.00 "," $526,077,000.00 ",S,12,75988," $75,988,000.00 ",
60.746.948/0001-12,12/31/2016,2,BCO BRADESCO S.A.,906,DF Consolidado - Demonstração do Resultado,REAL,MIL,ÚLTIMO,1/1/2016,12/31/2016,3.01,Receitas da Intermediação Financeira," $162,912,502.00 "," $162,912,502,000.00 ",S,12,91037386," $91,037,386,000.00 ",
60.770.336/0001-65,12/31/2016,1,BCO ALFA DE INVESTIMENTO S.A.,1384,DF Consolidado - Demonstração do Resultado,REAL,MIL,ÚLTIMO,1/1/2016,12/31/2016,3.01,Receitas da Intermediação Financeira," $1,555,932.00 "," $1,555,932,000.00 ",S,12,1303548," $1,303,548,000.00 ",
60.840.055/0001-31,12/31/2016,2,FLEURY S.A.,21881,DF Consolidado - Demonstração do Resultado,REAL,MIL,ÚLTIMO,1/1/2016,12/31/2016,3.01,Receita de Venda de Bens e/ou Serviços," $2,096,113.00 "," $2,096,113,000.00 ",S,12,1495062," $1,495,062,000.00 ",
60.851.615/0001-53,12/31/2016,2,BARDELLA S.A. INDUSTRIAS MECANICAS EM RECUPERAÇÃO JUDICIAL,1520,DF Consolidado - Demonstração do Resultado,REAL,MIL,ÚLTIMO,1/1/2016,12/31/2016,3.01,Receita de Venda de Bens e/ou Serviços," $264,736.00 "," $264,736,000.00 ",S,12,260453," $260,453,000.00 ",
60.872.504/0001-23,12/31/2016,1,ITAU UNIBANCO HOLDING S.A.,19348,DF Consolidado - Demonstração do Resultado,REAL,MIL,ÚLTIMO,1/1/2016,12/31/2016,3.01,Receitas da Intermediação Financeira," $174,319,000.00 "," $174,319,000,000.00 ",S,12,95126000," $95,126,000,000.00 ",
60.894.730/0001-05,12/31/2016,1,USINAS SID DE MINAS GERAIS S.A.-USIMINAS,14320,DF Consolidado - Demonstração do Resultado,REAL,MIL,ÚLTIMO,1/1/2016,12/31/2016,3.01,Receita de Venda de Bens e/ou Serviços," $8,454,200.00 "," $8,454,200,000.00 ",S,12,7966878," $7,966,878,000.00 ",
61.022.042/0001-18,12/31/2016,1,CONSTRUTORA ADOLPHO LINDENBERG S.A.,4723,DF Consolidado - Demonstração do Resultado,REAL,MIL,ÚLTIMO,1/1/2016,12/31/2016,3.01,Receita de Venda de Bens e/ou Serviços," $27,147.00 "," $27,147,000.00 ",S,12,16455," $16,455,000.00 ",
61.024.352/0001-71,12/31/2016,2,BCO INDUSVAL S.A.,20885,DF Consolidado - Demonstração do Resultado,REAL,MIL,ÚLTIMO,1/1/2016,12/31/2016,3.01,Receitas da Intermediação Financeira," $512,130.00 "," $512,130,000.00 ",S,12,612769," $612,769,000.00 ",
61.065.298/0001-02,12/31/2016,1,MANGELS INDUSTRIAL S.A.,8397,DF Consolidado - Demonstração do Resultado,REAL,MIL,ÚLTIMO,1/1/2016,12/31/2016,3.01,Receita de Venda de Bens e/ou Serviços," $427,533.00 "," $427,533,000.00 ",S,12,382243," $382,243,000.00 ",
61.065.751/0001-80,12/31/2016,1,ROSSI RESIDENCIAL S.A.,16306,DF Consolidado - Demonstração do Resultado,REAL,MIL,ÚLTIMO,1/1/2016,12/31/2016,3.01,Receita de Venda de Bens e/ou Serviços," $538,002.00 "," $538,002,000.00 ",S,12,503127," $503,127,000.00 ",
61.067.161/0001-97,12/31/2016,1,NADIR FIGUEIREDO IND E COM S.A.,9040,DF Consolidado - Demonstração do Resultado,REAL,MIL,ÚLTIMO,1/1/2016,12/31/2016,3.01,Receita de Venda de Bens e/ou Serviços," $599,633.00 "," $599,633,000.00 ",S,12,342805," $342,805,000.00 ",
61.079.117/0001-05,12/31/2016,2,ALPARGATAS S.A.,10456,DF Consolidado - Demonstração do Resultado,REAL,MIL,ÚLTIMO,1/1/2016,12/31/2016,3.01,Receita de Venda de Bens e/ou Serviços," $4,054,404.00 "," $4,054,404,000.00 ",S,12,2254120," $2,254,120,000.00 ",
61.080.313/0001-91,12/31/2016,1,COBRASMA S.A.,4448,DF Consolidado - Demonstração do Resultado,REAL,MIL,ÚLTIMO,1/1/2016,12/31/2016,3.01,Receita de Venda de Bens e/ou Serviços, $11.00 ," $11,000.00 ",S,12,6," $6,000.00 ",
61.082.004/0001-50,12/31/2016,1,MANUFATURA DE BRINQUEDOS ESTRELA S.A.,8427,DF Consolidado - Demonstração do Resultado,REAL,MIL,ÚLTIMO,1/1/2016,12/31/2016,3.01,Receita de Venda de Bens e/ou Serviços," $140,950.00 "," $140,950,000.00 ",S,12,71140," $71,140,000.00 ",
61.088.894/0001-08,12/31/2016,1,CAMBUCI S.A.,2100,DF Consolidado - Demonstração do Resultado,REAL,MIL,ÚLTIMO,1/1/2016,12/31/2016,3.01,Receita de Venda de Bens e/ou Serviços," $276,389.00 "," $276,389,000.00 ",S,12,171275," $171,275,000.00 ",
61.092.037/0001-81,12/31/2016,1,ETERNIT S.A. - EM RECUPERAÇÃO JUDICIAL,5762,DF Consolidado - Demonstração do Resultado,REAL,MIL,ÚLTIMO,1/1/2016,12/31/2016,3.01,Receita de Venda de Bens e/ou Serviços," $827,275.00 "," $827,275,000.00 ",S,12,564073," $564,073,000.00 ",
61.156.113/0001-75,12/31/2016,1,IOCHPE MAXION S.A.,11932,DF Consolidado - Demonstração do Resultado,REAL,MIL,ÚLTIMO,1/1/2016,12/31/2016,3.01,Receita de Venda de Bens e/ou Serviços," $6,816,454.00 "," $6,816,454,000.00 ",S,12,5844666," $5,844,666,000.00 ",
61.156.931/0001-78,12/31/2016,1,SIDERURGICA J. L. ALIPERTI S.A.,12823,DF Consolidado - Demonstração do Resultado,REAL,MIL,ÚLTIMO,1/1/2016,12/31/2016,3.01,Receita de Venda de Bens e/ou Serviços," $33,710.00 "," $33,710,000.00 ",S,12,18592," $18,592,000.00 ",
61.189.288/0001-89,12/31/2016,2,MARISA LOJAS S.A.,22055,DF Consolidado - Demonstração do Resultado,REAL,MIL,ÚLTIMO,1/1/2016,12/31/2016,3.01,Receita de Venda de Bens e/ou Serviços," $2,852,785.00 "," $2,852,785,000.00 ",S,12,1540545," $1,540,545,000.00 ",
61.351.532/0001-68,12/31/2016,1,AZEVEDO E TRAVASSOS S.A.,11975,DF Consolidado - Demonstração do Resultado,REAL,MIL,ÚLTIMO,1/1/2016,12/31/2016,3.01,Receita de Venda de Bens e/ou Serviços," $122,302.00 "," $122,302,000.00 ",S,12,159326," $159,326,000.00 ",
61.374.161/0001-30,12/31/2016,1,BAUMER S.A.,1562,DF Consolidado - Demonstração do Resultado,REAL,MIL,ÚLTIMO,1/1/2016,12/31/2016,3.01,Receita de Venda de Bens e/ou Serviços," $113,105.00 "," $113,105,000.00 ",S,12,43059," $43,059,000.00 ",
61.486.650/0001-83,12/31/2016,1,DIAGNOSTICOS DA AMERICA S.A.,19623,DF Consolidado - Demonstração do Resultado,REAL,MIL,ÚLTIMO,1/1/2016,12/31/2016,3.01,Receita de Venda de Bens e/ou Serviços," $3,040,775.00 "," $3,040,775,000.00 ",S,12,2076201," $2,076,201,000.00 ",
61.532.644/0001-15,12/31/2016,1,ITAUSA S.A.,7617,DF Consolidado - Demonstração do Resultado,REAL,MIL,ÚLTIMO,1/1/2016,12/31/2016,3.01,Receita de Venda de Bens e/ou Serviços," $4,687,000.00 "," $4,687,000,000.00 ",S,12,3641000," $3,641,000,000.00 ",
61.584.140/0001-49,12/31/2016,1,REDE ENERGIA PARTICIPAÇÕES S.A.,3190,DF Consolidado - Demonstração do Resultado,REAL,MIL,ÚLTIMO,1/1/2016,12/31/2016,3.01,Receita de Venda de Bens e/ou Serviços," $7,739,833.00 "," $7,739,833,000.00 ",S,12,6652652," $6,652,652,000.00 ",
61.585.865/0001-51,12/31/2016,1,RAIA DROGASIL S.A.,5258,DF Consolidado - Demonstração do Resultado,REAL,MIL,ÚLTIMO,1/1/2016,12/31/2016,3.01,Receita de Venda de Bens e/ou Serviços," $11,256,565.00 "," $11,256,565,000.00 ",S,12,7752422," $7,752,422,000.00 ",
62.144.175/0001-20,12/31/2016,2,BCO PINE S.A.,20567,DF Consolidado - Demonstração do Resultado,REAL,MIL,ÚLTIMO,1/1/2016,12/31/2016,3.01,Receitas da Intermediação Financeira," $967,524.00 "," $967,524,000.00 ",S,12,1015864," $1,015,864,000.00 ",
62.232.889/0001-90,12/31/2016,2,BCO DAYCOVAL S.A.,20796,DF Consolidado - Demonstração do Resultado,REAL,MIL,ÚLTIMO,1/1/2016,12/31/2016,3.01,Receitas da Intermediação Financeira," $3,627,703.00 "," $3,627,703,000.00 ",S,12,2286075," $2,286,075,000.00 ",
62.307.848/0001-15,12/31/2016,1,BANCO RCI BRASIL S.A.,21466,DF Consolidado - Demonstração do Resultado,REAL,MIL,ÚLTIMO,1/1/2016,12/31/2016,3.01,Receitas da Intermediação Financeira," $1,353,562.00 "," $1,353,562,000.00 ",S,12,829184," $829,184,000.00 ",
67.010.660/0001-24,12/31/2016,1,RNI NEGÓCIOS IMOBILIÁRIOS S.A.,20451,DF Consolidado - Demonstração do Resultado,REAL,MIL,ÚLTIMO,1/1/2016,12/31/2016,3.01,Receita de Venda de Bens e/ou Serviços," $385,984.00 "," $385,984,000.00 ",S,12,347960," $347,960,000.00 ",
67.571.414/0001-41,12/31/2016,1,VIVER INCORPORADORA E CONSTRUTORA S.A.,20702,DF Consolidado - Demonstração do Resultado,REAL,MIL,ÚLTIMO,1/1/2016,12/31/2016,3.01,Receita de Venda de Bens e/ou Serviços," $(17,954.00)"," $(17,954,000.00)",S,12,58402," $58,402,000.00 ",
67.620.377/0001-14,12/31/2016,2,MINERVA S.A.,20931,DF Consolidado - Demonstração do Resultado,REAL,MIL,ÚLTIMO,1/1/2016,12/31/2016,3.01,Receita de Venda de Bens e/ou Serviços," $9,648,670.00 "," $9,648,670,000.00 ",S,12,7763328," $7,763,328,000.00 ",
71.208.516/0001-74,12/31/2016,2,ALGAR TELECOM S/A,21032,DF Consolidado - Demonstração do Resultado,REAL,MIL,ÚLTIMO,1/1/2016,12/31/2016,3.01,Receita de Venda de Bens e/ou Serviços," $2,544,890.00 "," $2,544,890,000.00 ",S,12,1592162," $1,592,162,000.00 ",
71.476.527/0001-35,12/31/2016,1,CONSTRUTORA TENDA S.A.,21148,DF Consolidado - Demonstração do Resultado,REAL,MIL,ÚLTIMO,1/1/2016,12/31/2016,3.01,Receita de Venda de Bens e/ou Serviços," $1,052,710.00 "," $1,052,710,000.00 ",S,12,729705," $729,705,000.00 ",
71.673.990/0001-77,12/31/2016,1,NATURA COSMETICOS S.A.,19550,DF Consolidado - Demonstração do Resultado,REAL,MIL,ÚLTIMO,1/1/2016,12/31/2016,3.01,Receita de Venda de Bens e/ou Serviços," $7,912,664.00 "," $7,912,664,000.00 ",S,12,2446959," $2,446,959,000.00 ",
73.178.600/0001-18,12/31/2016,1,CYRELA BRAZIL REALTY S.A.EMPREEND E PART,14460,DF Consolidado - Demonstração do Resultado,REAL,MIL,ÚLTIMO,1/1/2016,12/31/2016,3.01,Receita de Venda de Bens e/ou Serviços," $3,195,310.00 "," $3,195,310,000.00 ",S,12,2132787," $2,132,787,000.00 ",
75.315.333/0001-09,12/31/2016,1,ATACADÃO S.A.,24171,DF Consolidado - Demonstração do Resultado,REAL,MIL,ÚLTIMO,1/1/2016,12/31/2016,3.01,Receita de Venda de Bens e/ou Serviços," $47,534,000.00 "," $47,534,000,000.00 ",S,12,38033000," $38,033,000,000.00 ",
75.609.123/0001-23,12/31/2016,1,OURO VERDE LOCACAO E SERVICO S.A.,23280,DF Consolidado - Demonstração do Resultado,REAL,MIL,ÚLTIMO,1/1/2016,12/31/2016,3.01,Receita de Venda de Bens e/ou Serviços," $975,515.00 "," $975,515,000.00 ",S,12,701233," $701,233,000.00 ",
76.483.817/0001-20,12/31/2016,1,CIA PARANAENSE DE ENERGIA - COPEL,14311,DF Consolidado - Demonstração do Resultado,REAL,MIL,ÚLTIMO,1/1/2016,12/31/2016,3.01,Receita de Venda de Bens e/ou Serviços," $13,101,753.00 "," $13,101,753,000.00 ",S,12,10234115," $10,234,115,000.00 ",
76.535.764/0001-43,12/31/2016,1,OI S.A. - EM RECUPERAÇÃO JUDICIAL,11312,DF Consolidado - Demonstração do Resultado,REAL,MIL,ÚLTIMO,1/1/2016,12/31/2016,3.01,Receita de Venda de Bens e/ou Serviços," $25,996,423.00 "," $25,996,423,000.00 ",S,12,16848707," $16,848,707,000.00 ",
76.627.504/0001-06,12/31/2016,1,INEPAR S.A. INDUSTRIA E CONSTRUCOES -EM RECUPERAÇÃO JUDICIAL,7595,DF Consolidado - Demonstração do Resultado,REAL,MIL,ÚLTIMO,1/1/2016,12/31/2016,3.01,Receita de Venda de Bens e/ou Serviços," $68,850.00 "," $68,850,000.00 ",S,12,48496," $48,496,000.00 ",
78.876.950/0001-71,12/31/2016,1,CIA HERING,14761,DF Consolidado - Demonstração do Resultado,REAL,MIL,ÚLTIMO,1/1/2016,12/31/2016,3.01,Receita de Venda de Bens e/ou Serviços," $1,475,137.00 "," $1,475,137,000.00 ",S,12,893111," $893,111,000.00 ",
81.243.735/0001-48,12/31/2016,1,POSITIVO TECNOLOGIA S.A.,20362,DF Consolidado - Demonstração do Resultado,REAL,MIL,ÚLTIMO,1/1/2016,12/31/2016,3.01,Receita de Venda de Bens e/ou Serviços," $1,746,015.00 "," $1,746,015,000.00 ",S,12,1239609," $1,239,609,000.00 ",
82.636.986/0001-55,12/31/2016,1,TEKA-TECELAGEM KUEHNRICH S.A. - EM RECUPERAÇÃO JUDICIAL,11223,DF Consolidado - Demonstração do Resultado,REAL,MIL,ÚLTIMO,1/1/2016,12/31/2016,3.01,Receita de Venda de Bens e/ou Serviços," $158,619.00 "," $158,619,000.00 ",S,12,124637," $124,637,000.00 ",
82.640.558/0001-04,12/31/2016,2,KARSTEN S.A.,4146,DF Consolidado - Demonstração do Resultado,REAL,MIL,ÚLTIMO,1/1/2016,12/31/2016,3.01,Receita de Venda de Bens e/ou Serviços," $311,270.00 "," $311,270,000.00 ",S,12,200089," $200,089,000.00 ",
82.641.325/0001-18,12/31/2016,1,CREMER SA,20141,DF Consolidado - Demonstração do Resultado,REAL,MIL,ÚLTIMO,1/1/2016,12/31/2016,3.01,Receita de Venda de Bens e/ou Serviços," $741,477.00 "," $741,477,000.00 ",S,12,518204," $518,204,000.00 ",
82.981.929/0001-03,12/31/2016,1,CIA INDUSTRIAL SCHLOSSER S.A.,3549,DF Consolidado - Demonstração do Resultado,REAL,MIL,ÚLTIMO,1/1/2016,12/31/2016,3.01,Receita de Venda de Bens e/ou Serviços, $942.00 ," $942,000.00 ",S,12,693," $693,000.00 ",
82.982.075/0001-80,12/31/2016,1,TEXTIL RENAUXVIEW S.A.,7544,DF Consolidado - Demonstração do Resultado,REAL,MIL,ÚLTIMO,1/1/2016,12/31/2016,3.01,Receita de Venda de Bens e/ou Serviços," $86,151.00 "," $86,151,000.00 ",S,12,61063," $61,063,000.00 ",
83.475.913/0001-91,12/31/2016,2,PBG S/A,13773,DF Consolidado - Demonstração do Resultado,REAL,MIL,ÚLTIMO,1/1/2016,12/31/2016,3.01,Receita de Venda de Bens e/ou Serviços," $1,016,400.00 "," $1,016,400,000.00 ",S,12,653198," $653,198,000.00 ",
83.878.892/0001-55,12/31/2016,2,CENTRAIS ELET DE SANTA CATARINA S.A.,2461,DF Consolidado - Demonstração do Resultado,REAL,MIL,ÚLTIMO,1/1/2016,12/31/2016,3.01,Receita de Venda de Bens e/ou Serviços," $6,108,740.00 "," $6,108,740,000.00 ",S,12,5584144," $5,584,144,000.00 ",
84.429.695/0001-11,12/31/2016,1,WEG S.A.,5410,DF Consolidado - Demonstração do Resultado,REAL,MIL,ÚLTIMO,1/1/2016,12/31/2016,3.01,Receita de Venda de Bens e/ou Serviços," $9,367,008.00 "," $9,367,008,000.00 ",S,12,6731229," $6,731,229,000.00 ",
84.683.374/0001-49,12/31/2016,1,TUPY S.A.,6343,DF Consolidado - Demonstração do Resultado,REAL,MIL,ÚLTIMO,1/1/2016,12/31/2016,3.01,Receita de Venda de Bens e/ou Serviços," $3,255,310.00 "," $3,255,310,000.00 ",S,12,2790511," $2,790,511,000.00 ",
84.683.408/0001-03,12/31/2016,1,DOHLER S.A.,5207,DF Consolidado - Demonstração do Resultado,REAL,MIL,ÚLTIMO,1/1/2016,12/31/2016,3.01,Receita de Venda de Bens e/ou Serviços," $429,173.00 "," $429,173,000.00 ",S,12,325387," $325,387,000.00 ",
84.683.671/0001-94,12/31/2016,1,WETZEL S.A. EM RECUPERAÇÃO JUDICIAL,11991,DF Consolidado - Demonstração do Resultado,REAL,MIL,ÚLTIMO,1/1/2016,12/31/2016,3.01,Receita de Venda de Bens e/ou Serviços," $121,671.00 "," $121,671,000.00 ",S,12,111113," $111,113,000.00 ",
84.693.183/0001-68,12/31/2016,2,SCHULZ S.A.,14664,DF Consolidado - Demonstração do Resultado,REAL,MIL,ÚLTIMO,1/1/2016,12/31/2016,3.01,Receita de Venda de Bens e/ou Serviços," $579,706.00 "," $579,706,000.00 ",S,12,445529," $445,529,000.00 ",
86.375.425/0001-09,12/31/2016,1,METISA METALURGICA TIMBOENSE S.A.,8753,DF Consolidado - Demonstração do Resultado,REAL,UNIDADE,ÚLTIMO,1/1/2016,12/31/2016,3.01,Receita de Venda de Bens e/ou Serviços," $218,018,274.00 "," $218,018,274.00 ",S,12,167814257," $167,814,257.00 ",
86.550.951/0001-50,12/31/2016,1,POMIFRUTAS S/A - EM RECUPERAÇÃO JUDICIAL,19658,DF Consolidado - Demonstração do Resultado,REAL,MIL,ÚLTIMO,1/1/2016,12/31/2016,3.01,Receita de Venda de Bens e/ou Serviços," $45,510.00 "," $45,510,000.00 ",S,12,48701," $48,701,000.00 ",
87.456.562/0001-22,12/31/2016,2,JOSAPAR-JOAQUIM OLIVEIRA S.A. - PARTICIP,13285,DF Consolidado - Demonstração do Resultado,REAL,MIL,ÚLTIMO,1/1/2016,12/31/2016,3.01,Receita de Venda de Bens e/ou Serviços," $1,172,311.00 "," $1,172,311,000.00 ",S,12,782255," $782,255,000.00 ",
87.762.563/0001-03,12/31/2016,2,CIA HABITASUL DE PARTICIPACOES,3298,DF Consolidado - Demonstração do Resultado,REAL,MIL,ÚLTIMO,1/1/2016,12/31/2016,3.01,Receita de Venda de Bens e/ou Serviços," $53,424.00 "," $53,424,000.00 ",S,12,43380," $43,380,000.00 ",
88.610.126/0001-29,12/31/2016,1,FRAS-LE S.A.,6211,DF Consolidado - Demonstração do Resultado,REAL,MIL,ÚLTIMO,1/1/2016,12/31/2016,3.01,Receita de Venda de Bens e/ou Serviços," $812,651.00 "," $812,651,000.00 ",S,12,580608," $580,608,000.00 ",
88.610.191/0001-54,12/31/2016,1,MUNDIAL S.A. - PRODUTOS DE CONSUMO,5312,DF Consolidado - Demonstração do Resultado,REAL,MIL,ÚLTIMO,1/1/2016,12/31/2016,3.01,Receita de Venda de Bens e/ou Serviços," $421,202.00 "," $421,202,000.00 ",S,12,283811," $283,811,000.00 ",
88.611.835/0001-29,12/31/2016,1,MARCOPOLO S.A.,8451,DF Consolidado - Demonstração do Resultado,REAL,MIL,ÚLTIMO,1/1/2016,12/31/2016,3.01,Receita de Venda de Bens e/ou Serviços," $2,574,093.00 "," $2,574,093,000.00 ",S,12,2248335," $2,248,335,000.00 ",
88.613.658/0001-10,6/30/2016,1,PETTENATI S.A. INDUSTRIA TEXTIL,9539,DF Consolidado - Demonstração do Resultado,REAL,UNIDADE,ÚLTIMO,7/1/2015,6/30/2016,3.01,Receita de Venda de Bens e/ou Serviços," $512,762,915.00 "," $512,762,915.00 ",S,0,419015261," $419,015,261.00 ",
89.086.144/0001-16,12/31/2016,1,RANDON S.A. IMPLEMENTOS E PARTICIPACOES,14109,DF Consolidado - Demonstração do Resultado,REAL,MIL,ÚLTIMO,1/1/2016,12/31/2016,3.01,Receita de Venda de Bens e/ou Serviços," $2,623,976.00 "," $2,623,976,000.00 ",S,12,2103069," $2,103,069,000.00 ",
89.096.457/0001-55,12/31/2016,3,SLC AGRICOLA S.A.,20745,DF Consolidado - Demonstração do Resultado,REAL,MIL,ÚLTIMO,1/1/2016,12/31/2016,3.01,Receita de Venda de Bens e/ou Serviços," $1,659,649.00 "," $1,659,649,000.00 ",S,12,1413181," $1,413,181,000.00 ",
89.463.822/0001-12,12/31/2016,1,LUPATECH S.A.,20060,DF Consolidado - Demonstração do Resultado,REAL,MIL,ÚLTIMO,1/1/2016,12/31/2016,3.01,Receita de Venda de Bens e/ou Serviços," $138,486.00 "," $138,486,000.00 ",S,12,169044," $169,044,000.00 ",
89.637.490/0001-45,12/31/2016,3,KLABIN S.A.,12653,DF Consolidado - Demonstração do Resultado,REAL,MIL,ÚLTIMO,1/1/2016,12/31/2016,3.01,Receita de Venda de Bens e/ou Serviços," $7,090,798.00 "," $7,090,798,000.00 ",S,12,4694112," $4,694,112,000.00 ",
89.723.993/0001-33,12/31/2016,1,CONSTRUTORA SULTEPA S.A.,13030,DF Consolidado - Demonstração do Resultado,REAL,MIL,ÚLTIMO,1/1/2016,12/31/2016,3.01,Receita de Venda de Bens e/ou Serviços," $64,426.00 "," $64,426,000.00 ",S,12,64195," $64,195,000.00 ",
89.850.341/0001-60,12/31/2016,1,GRENDENE S.A.,19615,DF Consolidado - Demonstração do Resultado,REAL,MIL,ÚLTIMO,1/1/2016,12/31/2016,3.01,Receita de Venda de Bens e/ou Serviços," $2,045,115.00 "," $2,045,115,000.00 ",S,12,1048588," $1,048,588,000.00 ",
90.076.886/0001-40,12/31/2016,1,MINUPAR PARTICIPACOES S.A.,13765,DF Consolidado - Demonstração do Resultado,REAL,MIL,ÚLTIMO,1/1/2016,12/31/2016,3.01,Receita de Venda de Bens e/ou Serviços," $196,298.00 "," $196,298,000.00 ",S,12,159391," $159,391,000.00 ",
90.400.888/0001-42,12/31/2016,2,BCO SANTANDER (BRASIL) S.A.,20532,DF Consolidado - Demonstração do Resultado,REAL,MIL,ÚLTIMO,1/1/2016,12/31/2016,3.01,Receitas da Intermediação Financeira," $77,146,077.00 "," $77,146,077,000.00 ",S,12,46559584," $46,559,584,000.00 ",
90.441.460/0001-48,12/31/2016,2,UNICASA INDÚSTRIA DE MÓVEIS S.A.,22780,DF Consolidado - Demonstração do Resultado,REAL,MIL,ÚLTIMO,1/1/2016,12/31/2016,3.01,Receita de Venda de Bens e/ou Serviços," $185,056.00 "," $185,056,000.00 ",S,12,105246," $105,246,000.00 ",
91.333.666/0001-17,12/31/2016,1,RECRUSUL S.A.,12572,DF Consolidado - Demonstração do Resultado,REAL,MIL,ÚLTIMO,1/1/2016,12/31/2016,3.01,Receita de Venda de Bens e/ou Serviços, $-   , $-   ,S,12,0, $-   ,
91.495.499/0001-00,12/31/2016,1,STARA S.A. - INDÚSTRIA DE IMPLEMENTOS AGRÍCOLAS,24201,DF Consolidado - Demonstração do Resultado,REAL,MIL,ÚLTIMO,1/1/2016,12/31/2016,3.01,Receita de Venda de Bens e/ou Serviços," $562,531.00 "," $562,531,000.00 ",S,12,406600," $406,600,000.00 ",
91.983.056/0001-69,12/31/2016,1,KEPLER WEBER S.A.,7870,DF Consolidado - Demonstração do Resultado,REAL,MIL,ÚLTIMO,1/1/2016,12/31/2016,3.01,Receita de Venda de Bens e/ou Serviços," $475,298.00 "," $475,298,000.00 ",S,12,442594," $442,594,000.00 ",
92.012.467/0001-70,12/31/2016,1,GRAZZIOTIN S.A.,4537,DF Consolidado - Demonstração do Resultado,REAL,UNIDADE,ÚLTIMO,1/1/2016,12/31/2016,3.01,Receita de Venda de Bens e/ou Serviços," $390,440,014.00 "," $390,440,014.00 ",S,12,184099307," $184,099,307.00 ",
92.660.570/0001-26,12/31/2016,1,TREVISA INVESTIMENTOS S.A.,8192,DF Consolidado - Demonstração do Resultado,REAL,MIL,ÚLTIMO,1/1/2016,12/31/2016,3.01,Receita de Venda de Bens e/ou Serviços," $93,265.00 "," $93,265,000.00 ",S,12,65698," $65,698,000.00 ",
92.665.611/0001-77,12/31/2016,1,DIMED S.A. DISTRIBUIDORA DE MEDICAMENTOS,9342,DF Consolidado - Demonstração do Resultado,REAL,MIL,ÚLTIMO,1/1/2016,12/31/2016,3.01,Receita de Venda de Bens e/ou Serviços," $2,128,732.00 "," $2,128,732,000.00 ",S,12,1608447," $1,608,447,000.00 ",
92.690.783/0001-09,12/31/2016,1,METALURGICA GERDAU S.A.,8656,DF Consolidado - Demonstração do Resultado,REAL,MIL,ÚLTIMO,1/1/2016,12/31/2016,3.01,Receita de Venda de Bens e/ou Serviços," $37,651,667.00 "," $37,651,667,000.00 ",S,12,34187941," $34,187,941,000.00 ",
92.693.019/0001-89,12/31/2016,1,PANATLANTICA S.A.,94,DF Consolidado - Demonstração do Resultado,REAL,MIL,ÚLTIMO,1/1/2016,12/31/2016,3.01,Receita de Venda de Bens e/ou Serviços," $683,821.00 "," $683,821,000.00 ",S,12,597041," $597,041,000.00 ",
92.702.067/0001-96,12/31/2016,2,BCO ESTADO DO RIO GRANDE DO SUL S.A.,1210,DF Consolidado - Demonstração do Resultado,REAL,MIL,ÚLTIMO,1/1/2016,12/31/2016,3.01,Receitas da Intermediação Financeira," $10,458,584.00 "," $10,458,584,000.00 ",S,12,5310404," $5,310,404,000.00 ",
92.715.812/0001-31,12/31/2016,2,CIA ESTADUAL GER.TRANS.ENER.ELET-CEEE-GT,3204,DF Consolidado - Demonstração do Resultado,REAL,MIL,ÚLTIMO,1/1/2016,12/31/2016,3.01,Receita de Venda de Bens e/ou Serviços," $1,940,657.00 "," $1,940,657,000.00 ",S,12,537062," $537,062,000.00 ",
92.754.738/0001-62,12/31/2016,1,LOJAS RENNER S.A.,8133,DF Consolidado - Demonstração do Resultado,REAL,MIL,ÚLTIMO,1/1/2016,12/31/2016,3.01,Receita de Venda de Bens e/ou Serviços," $6,451,578.00 "," $6,451,578,000.00 ",S,12,2575083," $2,575,083,000.00 ",
92.781.335/0001-02,12/31/2016,2,TAURUS ARMAS S.A.,6173,DF Consolidado - Demonstração do Resultado,REAL,MIL,ÚLTIMO,1/1/2016,12/31/2016,3.01,Receita de Venda de Bens e/ou Serviços," $830,273.00 "," $830,273,000.00 ",S,12,637072," $637,072,000.00 ",
92.791.243/0001-03,12/31/2016,1,IRANI PAPEL E EMBALAGEM S.A.,2429,DF Consolidado - Demonstração do Resultado,REAL,MIL,ÚLTIMO,1/1/2016,12/31/2016,3.01,Receita de Venda de Bens e/ou Serviços," $776,795.00 "," $776,795,000.00 ",S,12,566028," $566,028,000.00 ",
92.929.520/0001-00,12/31/2016,1,SPRINGER S.A.,10960,DF Consolidado - Demonstração do Resultado,REAL,MIL,ÚLTIMO,1/1/2016,12/31/2016,3.01,Receita de Venda de Bens e/ou Serviços," $53,489.00 "," $53,489,000.00 ",S,12,44435," $44,435,000.00 ",
97.837.181/0001-47,12/31/2016,1,DURATEX S.A.,21091,DF Consolidado - Demonstração do Resultado,REAL,MIL,ÚLTIMO,1/1/2016,12/31/2016,3.01,Receita de Venda de Bens e/ou Serviços," $3,909,760.00 "," $3,909,760,000.00 ",S,12,2900628," $2,900,628,000.00 ",
